handle,title,journal,year,vol,issue,page,end page,authors
RePEc:oup:apecpp:v:32:y:2010:i:1:p:1-3|Editorial|Applied Economic Perspectives and Policy|2010|32|1|1|3|Timothy Park
RePEc:oup:apecpp:v:32:y:2010:i:1:p:1-3|Editorial|Applied Economic Perspectives and Policy|2010|32|1|1|3|Tom Vukina
RePEc:oup:apecpp:v:32:y:2010:i:1:p:4-32|The Social Costs and Benefits of Biofuels: The Intersection of Environmental, Energy and Agricultural Policy|Applied Economic Perspectives and Policy|2010|32|1|4|32|Harry de Gorter
RePEc:oup:apecpp:v:32:y:2010:i:1:p:4-32|The Social Costs and Benefits of Biofuels: The Intersection of Environmental, Energy and Agricultural Policy|Applied Economic Perspectives and Policy|2010|32|1|4|32|David R. Just
RePEc:oup:apecpp:v:32:y:2010:i:1:p:33-58|The Political Economy of Agricultural and Food Policies: Recent Contributions, New Insights, and Areas for Further Research|Applied Economic Perspectives and Policy|2010|32|1|33|58|Johan F.M. Swinnen
RePEc:oup:apecpp:v:32:y:2010:i:1:p:59-76|Milk Marketing Order Winners and Losers|Applied Economic Perspectives and Policy|2010|32|1|59|76|Hayley H. Chouinard
RePEc:oup:apecpp:v:32:y:2010:i:1:p:59-76|Milk Marketing Order Winners and Losers|Applied Economic Perspectives and Policy|2010|32|1|59|76|Jeffrey M. Perloff
RePEc:oup:apecpp:v:32:y:2010:i:1:p:77-94|The Adequacy of Speculation in Agricultural Futures Markets: Too Much of a Good Thing?|Applied Economic Perspectives and Policy|2010|32|1|77|94|Dwight R. Sanders
RePEc:oup:apecpp:v:32:y:2010:i:1:p:77-94|The Adequacy of Speculation in Agricultural Futures Markets: Too Much of a Good Thing?|Applied Economic Perspectives and Policy|2010|32|1|77|94|Robert P. Merrin
RePEc:oup:apecpp:v:32:y:2010:i:1:p:95-116|Does Agricultural Trade Liberalization Reduce Rural Welfare in Less Developed Countries? The Case of CAFTA|Applied Economic Perspectives and Policy|2010|32|1|95|116|J. Edward Taylor
RePEc:oup:apecpp:v:32:y:2010:i:1:p:95-116|Does Agricultural Trade Liberalization Reduce Rural Welfare in Less Developed Countries? The Case of CAFTA|Applied Economic Perspectives and Policy|2010|32|1|95|116|Nancy Jesurun-Clements
RePEc:oup:apecpp:v:32:y:2010:i:1:p:117-134|What is the Future of Agricultural Economics Departments and the Agricultural and Applied Economics Association?|Applied Economic Perspectives and Policy|2010|32|1|117|134|Gregory M. Perry
RePEc:oup:apecpp:v:32:y:2010:i:1:p:135-153|Rural--Urban Differences in Childcare Subsidy Use and Employment Stability|Applied Economic Perspectives and Policy|2010|32|1|135|153|Elizabeth E. Davis
RePEc:oup:apecpp:v:32:y:2010:i:1:p:135-153|Rural--Urban Differences in Childcare Subsidy Use and Employment Stability|Applied Economic Perspectives and Policy|2010|32|1|135|153|Roberta B. Weber
RePEc:oup:apecpp:v:32:y:2010:i:1:p:154-169|The New Standing Disaster Program: A SURE Invitation to Moral Hazard Behavior|Applied Economic Perspectives and Policy|2010|32|1|154|169|Vincent H. Smith
RePEc:oup:apecpp:v:32:y:2010:i:1:p:154-169|The New Standing Disaster Program: A SURE Invitation to Moral Hazard Behavior|Applied Economic Perspectives and Policy|2010|32|1|154|169|Myles Watts
RePEc:oup:apecpp:v:32:y:2010:i:1:p:170-193|Do Direct Payments Distort Producers' Decisions? An Examination of the Farm Security and Rural Investment Act of 2002|Applied Economic Perspectives and Policy|2010|32|1|170|193|Erik J. O'Donoghue
RePEc:oup:apecpp:v:32:y:2010:i:1:p:170-193|Do Direct Payments Distort Producers' Decisions? An Examination of the Farm Security and Rural Investment Act of 2002|Applied Economic Perspectives and Policy|2010|32|1|170|193|James B. Whitaker
RePEc:oup:apecpp:v:32:y:2010:i:2:p:195-231|Krueger, Schiff, and Valdés Revisited: Agricultural Price and Trade Policy Reform in Developing Countries since 1960|Applied Economic Perspectives and Policy|2010|32|2|195|231|Kym Anderson
RePEc:oup:apecpp:v:32:y:2010:i:2:p:232-253|Immigration Reform: What Does It Mean for Agriculture and Rural America?|Applied Economic Perspectives and Policy|2010|32|2|232|253|Philip Martin
RePEc:oup:apecpp:v:32:y:2010:i:2:p:232-253|Immigration Reform: What Does It Mean for Agriculture and Rural America?|Applied Economic Perspectives and Policy|2010|32|2|232|253|Linda Calvin
RePEc:oup:apecpp:v:32:y:2010:i:2:p:254-274|The Impact of Preferential Trade Arrangements on EU Imports from Developing Countries: The Case of Fresh Cut Flowers|Applied Economic Perspectives and Policy|2010|32|2|254|274|Andrew Muhammad
RePEc:oup:apecpp:v:32:y:2010:i:2:p:254-274|The Impact of Preferential Trade Arrangements on EU Imports from Developing Countries: The Case of Fresh Cut Flowers|Applied Economic Perspectives and Policy|2010|32|2|254|274|Jennifer H. Dennis
RePEc:oup:apecpp:v:32:y:2010:i:2:p:275-297|Farm Animal Welfare, Consumer Willingness to Pay, and Trust: Results of a Cross-National Survey|Applied Economic Perspectives and Policy|2010|32|2|275|297|Giuseppe Nocella
RePEc:oup:apecpp:v:32:y:2010:i:2:p:275-297|Farm Animal Welfare, Consumer Willingness to Pay, and Trust: Results of a Cross-National Survey|Applied Economic Perspectives and Policy|2010|32|2|275|297|Riccardo Scarpa
RePEc:oup:apecpp:v:32:y:2010:i:2:p:298-318|An Investigation of Factors that Influence the Survival of Contracts in the DOCa Rioja Wine Industry|Applied Economic Perspectives and Policy|2010|32|2|298|318|Marta Fernández Olmos
RePEc:oup:apecpp:v:32:y:2010:i:2:p:319-337|Welfare Effects of Food Labels and Bans with Alternative Willingness to Pay Measures|Applied Economic Perspectives and Policy|2010|32|2|319|337|Jayson L. Lusk
RePEc:oup:apecpp:v:32:y:2010:i:2:p:319-337|Welfare Effects of Food Labels and Bans with Alternative Willingness to Pay Measures|Applied Economic Perspectives and Policy|2010|32|2|319|337|Stéphan Marette
RePEc:oup:apecpp:v:32:y:2010:i:2:p:338-354|Taxpayer Beliefs about Farm Income and Preferences for Farm Policy|Applied Economic Perspectives and Policy|2010|32|2|338|354|Brenna D. Ellison
RePEc:oup:apecpp:v:32:y:2010:i:2:p:338-354|Taxpayer Beliefs about Farm Income and Preferences for Farm Policy|Applied Economic Perspectives and Policy|2010|32|2|338|354|Brian C. Briggeman
RePEc:oup:apecpp:v:32:y:2010:i:3:p:355-385|Climate Change, Agriculture, and Poverty|Applied Economic Perspectives and Policy|2010|32|3|355|385|Thomas W. Hertel
RePEc:oup:apecpp:v:32:y:2010:i:3:p:355-385|Climate Change, Agriculture, and Poverty|Applied Economic Perspectives and Policy|2010|32|3|355|385|Stephanie D. Rosch
RePEc:oup:apecpp:v:32:y:2010:i:3:p:386-416|Adaptation of Agricultural and Food Systems to Climate Change: An Economic and Policy Perspective|Applied Economic Perspectives and Policy|2010|32|3|386|416|John M. Antle
RePEc:oup:apecpp:v:32:y:2010:i:3:p:386-416|Adaptation of Agricultural and Food Systems to Climate Change: An Economic and Policy Perspective|Applied Economic Perspectives and Policy|2010|32|3|386|416|Susan M. Capalbo
RePEc:oup:apecpp:v:32:y:2010:i:3:p:417-435|Clarifying Trade Costs: Maritime Transport and Its Effect on Agricultural Trade|Applied Economic Perspectives and Policy|2010|32|3|417|435|Jane Korinek
RePEc:oup:apecpp:v:32:y:2010:i:3:p:417-435|Clarifying Trade Costs: Maritime Transport and Its Effect on Agricultural Trade|Applied Economic Perspectives and Policy|2010|32|3|417|435|Patricia Sourdin
RePEc:oup:apecpp:v:32:y:2010:i:3:p:436-455|Non-Tariff Measures in Agri-Food Trade: What Do the Data Tell Us? Evidence from a Cluster Analysis on OECD Imports|Applied Economic Perspectives and Policy|2010|32|3|436|455|Anne-Célia Disdier
RePEc:oup:apecpp:v:32:y:2010:i:3:p:436-455|Non-Tariff Measures in Agri-Food Trade: What Do the Data Tell Us? Evidence from a Cluster Analysis on OECD Imports|Applied Economic Perspectives and Policy|2010|32|3|436|455|Frank van Tongeren
RePEc:oup:apecpp:v:32:y:2010:i:3:p:456-471|From Farm Management to Agricultural and Applied Economics: The Expansion of a Professional Society as Seen Through a Census of its Dissertations From 1951 to 2005|Applied Economic Perspectives and Policy|2010|32|3|456|471|Michael A. Boland
RePEc:oup:apecpp:v:32:y:2010:i:3:p:456-471|From Farm Management to Agricultural and Applied Economics: The Expansion of a Professional Society as Seen Through a Census of its Dissertations From 1951 to 2005|Applied Economic Perspectives and Policy|2010|32|3|456|471|John M. Crespi
RePEc:oup:apecpp:v:32:y:2010:i:3:p:472-488|Revenue Risk-Reduction Impacts of Crop Insurance in a Multicrop Framework|Applied Economic Perspectives and Policy|2010|32|3|472|488|Joshua D. Woodard
RePEc:oup:apecpp:v:32:y:2010:i:3:p:472-488|Revenue Risk-Reduction Impacts of Crop Insurance in a Multicrop Framework|Applied Economic Perspectives and Policy|2010|32|3|472|488|Gary D. Schnitkey
RePEc:oup:apecpp:v:32:y:2010:i:1:p:1-3|Editorial|Applied Economic Perspectives and Policy|2010|32|1|1|3|Timothy Park
RePEc:oup:apecpp:v:32:y:2010:i:1:p:1-3|Editorial|Applied Economic Perspectives and Policy|2010|32|1|1|3|Tom Vukina
RePEc:oup:apecpp:v:32:y:2010:i:1:p:4-32|The Social Costs and Benefits of Biofuels: The Intersection of Environmental, Energy and Agricultural Policy|Applied Economic Perspectives and Policy|2010|32|1|4|32|Harry de Gorter
RePEc:oup:apecpp:v:32:y:2010:i:1:p:4-32|The Social Costs and Benefits of Biofuels: The Intersection of Environmental, Energy and Agricultural Policy|Applied Economic Perspectives and Policy|2010|32|1|4|32|David R. Just
RePEc:oup:apecpp:v:32:y:2010:i:1:p:33-58|The Political Economy of Agricultural and Food Policies: Recent Contributions, New Insights, and Areas for Further Research|Applied Economic Perspectives and Policy|2010|32|1|33|58|Johan F.M. Swinnen
RePEc:oup:apecpp:v:32:y:2010:i:1:p:59-76|Milk Marketing Order Winners and Losers|Applied Economic Perspectives and Policy|2010|32|1|59|76|Hayley H. Chouinard
RePEc:oup:apecpp:v:32:y:2010:i:1:p:59-76|Milk Marketing Order Winners and Losers|Applied Economic Perspectives and Policy|2010|32|1|59|76|Jeffrey M. Perloff
RePEc:oup:apecpp:v:32:y:2010:i:1:p:77-94|The Adequacy of Speculation in Agricultural Futures Markets: Too Much of a Good Thing?|Applied Economic Perspectives and Policy|2010|32|1|77|94|Dwight R. Sanders
RePEc:oup:apecpp:v:32:y:2010:i:1:p:77-94|The Adequacy of Speculation in Agricultural Futures Markets: Too Much of a Good Thing?|Applied Economic Perspectives and Policy|2010|32|1|77|94|Robert P. Merrin
RePEc:oup:apecpp:v:32:y:2010:i:1:p:95-116|Does Agricultural Trade Liberalization Reduce Rural Welfare in Less Developed Countries? The Case of CAFTA|Applied Economic Perspectives and Policy|2010|32|1|95|116|J. Edward Taylor
RePEc:oup:apecpp:v:32:y:2010:i:1:p:95-116|Does Agricultural Trade Liberalization Reduce Rural Welfare in Less Developed Countries? The Case of CAFTA|Applied Economic Perspectives and Policy|2010|32|1|95|116|Nancy Jesurun-Clements
RePEc:oup:apecpp:v:32:y:2010:i:1:p:117-134|What is the Future of Agricultural Economics Departments and the Agricultural and Applied Economics Association?|Applied Economic Perspectives and Policy|2010|32|1|117|134|Gregory M. Perry
RePEc:oup:apecpp:v:32:y:2010:i:1:p:135-153|Rural--Urban Differences in Childcare Subsidy Use and Employment Stability|Applied Economic Perspectives and Policy|2010|32|1|135|153|Elizabeth E. Davis
RePEc:oup:apecpp:v:32:y:2010:i:1:p:135-153|Rural--Urban Differences in Childcare Subsidy Use and Employment Stability|Applied Economic Perspectives and Policy|2010|32|1|135|153|Roberta B. Weber
RePEc:oup:apecpp:v:32:y:2010:i:1:p:154-169|The New Standing Disaster Program: A SURE Invitation to Moral Hazard Behavior|Applied Economic Perspectives and Policy|2010|32|1|154|169|Vincent H. Smith
RePEc:oup:apecpp:v:32:y:2010:i:1:p:154-169|The New Standing Disaster Program: A SURE Invitation to Moral Hazard Behavior|Applied Economic Perspectives and Policy|2010|32|1|154|169|Myles Watts
RePEc:oup:apecpp:v:32:y:2010:i:1:p:170-193|Do Direct Payments Distort Producers' Decisions? An Examination of the Farm Security and Rural Investment Act of 2002|Applied Economic Perspectives and Policy|2010|32|1|170|193|Erik J. O'Donoghue
RePEc:oup:apecpp:v:32:y:2010:i:1:p:170-193|Do Direct Payments Distort Producers' Decisions? An Examination of the Farm Security and Rural Investment Act of 2002|Applied Economic Perspectives and Policy|2010|32|1|170|193|James B. Whitaker
RePEc:oup:apecpp:v:32:y:2010:i:2:p:195-231|Krueger, Schiff, and Valdés Revisited: Agricultural Price and Trade Policy Reform in Developing Countries since 1960|Applied Economic Perspectives and Policy|2010|32|2|195|231|Kym Anderson
RePEc:oup:apecpp:v:32:y:2010:i:2:p:232-253|Immigration Reform: What Does It Mean for Agriculture and Rural America?|Applied Economic Perspectives and Policy|2010|32|2|232|253|Philip Martin
RePEc:oup:apecpp:v:32:y:2010:i:2:p:232-253|Immigration Reform: What Does It Mean for Agriculture and Rural America?|Applied Economic Perspectives and Policy|2010|32|2|232|253|Linda Calvin
RePEc:oup:apecpp:v:32:y:2010:i:2:p:254-274|The Impact of Preferential Trade Arrangements on EU Imports from Developing Countries: The Case of Fresh Cut Flowers|Applied Economic Perspectives and Policy|2010|32|2|254|274|Andrew Muhammad
RePEc:oup:apecpp:v:32:y:2010:i:2:p:254-274|The Impact of Preferential Trade Arrangements on EU Imports from Developing Countries: The Case of Fresh Cut Flowers|Applied Economic Perspectives and Policy|2010|32|2|254|274|Jennifer H. Dennis
RePEc:oup:apecpp:v:32:y:2010:i:2:p:275-297|Farm Animal Welfare, Consumer Willingness to Pay, and Trust: Results of a Cross-National Survey|Applied Economic Perspectives and Policy|2010|32|2|275|297|Giuseppe Nocella
RePEc:oup:apecpp:v:32:y:2010:i:2:p:275-297|Farm Animal Welfare, Consumer Willingness to Pay, and Trust: Results of a Cross-National Survey|Applied Economic Perspectives and Policy|2010|32|2|275|297|Riccardo Scarpa
RePEc:oup:apecpp:v:32:y:2010:i:2:p:298-318|An Investigation of Factors that Influence the Survival of Contracts in the DOCa Rioja Wine Industry|Applied Economic Perspectives and Policy|2010|32|2|298|318|Marta Fernández Olmos
RePEc:oup:apecpp:v:32:y:2010:i:2:p:319-337|Welfare Effects of Food Labels and Bans with Alternative Willingness to Pay Measures|Applied Economic Perspectives and Policy|2010|32|2|319|337|Jayson L. Lusk
RePEc:oup:apecpp:v:32:y:2010:i:2:p:319-337|Welfare Effects of Food Labels and Bans with Alternative Willingness to Pay Measures|Applied Economic Perspectives and Policy|2010|32|2|319|337|Stéphan Marette
RePEc:oup:apecpp:v:32:y:2010:i:2:p:338-354|Taxpayer Beliefs about Farm Income and Preferences for Farm Policy|Applied Economic Perspectives and Policy|2010|32|2|338|354|Brenna D. Ellison
RePEc:oup:apecpp:v:32:y:2010:i:2:p:338-354|Taxpayer Beliefs about Farm Income and Preferences for Farm Policy|Applied Economic Perspectives and Policy|2010|32|2|338|354|Brian C. Briggeman
RePEc:oup:apecpp:v:32:y:2010:i:3:p:355-385|Climate Change, Agriculture, and Poverty|Applied Economic Perspectives and Policy|2010|32|3|355|385|Thomas W. Hertel
RePEc:oup:apecpp:v:32:y:2010:i:3:p:355-385|Climate Change, Agriculture, and Poverty|Applied Economic Perspectives and Policy|2010|32|3|355|385|Stephanie D. Rosch
RePEc:oup:apecpp:v:32:y:2010:i:3:p:386-416|Adaptation of Agricultural and Food Systems to Climate Change: An Economic and Policy Perspective|Applied Economic Perspectives and Policy|2010|32|3|386|416|John M. Antle
RePEc:oup:apecpp:v:32:y:2010:i:3:p:386-416|Adaptation of Agricultural and Food Systems to Climate Change: An Economic and Policy Perspective|Applied Economic Perspectives and Policy|2010|32|3|386|416|Susan M. Capalbo
RePEc:oup:apecpp:v:32:y:2010:i:3:p:417-435|Clarifying Trade Costs: Maritime Transport and Its Effect on Agricultural Trade|Applied Economic Perspectives and Policy|2010|32|3|417|435|Jane Korinek
RePEc:oup:apecpp:v:32:y:2010:i:3:p:417-435|Clarifying Trade Costs: Maritime Transport and Its Effect on Agricultural Trade|Applied Economic Perspectives and Policy|2010|32|3|417|435|Patricia Sourdin
RePEc:oup:apecpp:v:32:y:2010:i:3:p:436-455|Non-Tariff Measures in Agri-Food Trade: What Do the Data Tell Us? Evidence from a Cluster Analysis on OECD Imports|Applied Economic Perspectives and Policy|2010|32|3|436|455|Anne-Célia Disdier
RePEc:oup:apecpp:v:32:y:2010:i:3:p:436-455|Non-Tariff Measures in Agri-Food Trade: What Do the Data Tell Us? Evidence from a Cluster Analysis on OECD Imports|Applied Economic Perspectives and Policy|2010|32|3|436|455|Frank van Tongeren
RePEc:oup:apecpp:v:32:y:2010:i:3:p:456-471|From Farm Management to Agricultural and Applied Economics: The Expansion of a Professional Society as Seen Through a Census of its Dissertations From 1951 to 2005|Applied Economic Perspectives and Policy|2010|32|3|456|471|Michael A. Boland
RePEc:oup:apecpp:v:32:y:2010:i:3:p:456-471|From Farm Management to Agricultural and Applied Economics: The Expansion of a Professional Society as Seen Through a Census of its Dissertations From 1951 to 2005|Applied Economic Perspectives and Policy|2010|32|3|456|471|John M. Crespi
RePEc:oup:apecpp:v:32:y:2010:i:3:p:472-488|Revenue Risk-Reduction Impacts of Crop Insurance in a Multicrop Framework|Applied Economic Perspectives and Policy|2010|32|3|472|488|Joshua D. Woodard
RePEc:oup:apecpp:v:32:y:2010:i:3:p:472-488|Revenue Risk-Reduction Impacts of Crop Insurance in a Multicrop Framework|Applied Economic Perspectives and Policy|2010|32|3|472|488|Gary D. Schnitkey
RePEc:oup:apecpp:v:32:y:2010:i:3:p:489-514|A Microeconometric Analysis of Adapting Portfolios to Climate Change: Adoption of Agricultural Systems in Latin America|Applied Economic Perspectives and Policy|2010|32|3|489|514|S. Niggol Seo
RePEc:oup:apecpp:v:32:y:2010:i:4:p:515-548|The Power and Pitfalls of Experiments in Development Economics: Some Non-random Reflections|Applied Economic Perspectives and Policy|2010|32|4|515|548|Christopher B. Barrett
RePEc:oup:apecpp:v:32:y:2010:i:4:p:515-548|The Power and Pitfalls of Experiments in Development Economics: Some Non-random Reflections|Applied Economic Perspectives and Policy|2010|32|4|515|548|Michael R. Carter
RePEc:oup:apecpp:v:32:y:2010:i:4:p:549-563|The Experimental Mindset within Development Economics: Proper Use and Handling Are Everything|Applied Economic Perspectives and Policy|2010|32|4|549|563|Mariah Ehmke
RePEc:oup:apecpp:v:32:y:2010:i:4:p:549-563|The Experimental Mindset within Development Economics: Proper Use and Handling Are Everything|Applied Economic Perspectives and Policy|2010|32|4|549|563|Jason F. Shogren
RePEc:oup:apecpp:v:32:y:2010:i:4:p:564-587|Blind Fines in Cooperatives|Applied Economic Perspectives and Policy|2010|32|4|564|587|Enrique Fatas
RePEc:oup:apecpp:v:32:y:2010:i:4:p:564-587|Blind Fines in Cooperatives|Applied Economic Perspectives and Policy|2010|32|4|564|587|Antonio J. Morales
RePEc:oup:apecpp:v:32:y:2010:i:4:p:588-603|The New Markets for Renewable Identification Numbers|Applied Economic Perspectives and Policy|2010|32|4|588|603|Wyatt Thompson
RePEc:oup:apecpp:v:32:y:2010:i:4:p:588-603|The New Markets for Renewable Identification Numbers|Applied Economic Perspectives and Policy|2010|32|4|588|603|Pat Westhoff
RePEc:oup:apecpp:v:32:y:2010:i:4:p:604-623|The Effect of Legalization on Wages and Health Insurance: Evidence from the National Agricultural Workers Survey|Applied Economic Perspectives and Policy|2010|32|4|604|623|Amy M. G. Kandilov
RePEc:oup:apecpp:v:32:y:2010:i:4:p:604-623|The Effect of Legalization on Wages and Health Insurance: Evidence from the National Agricultural Workers Survey|Applied Economic Perspectives and Policy|2010|32|4|604|623|Ivan T. Kandilov
RePEc:oup:apecpp:v:32:y:2010:i:4:p:624-641|Food Aid and Agricultural Cargo Preference|Applied Economic Perspectives and Policy|2010|32|4|624|641|Elizabeth R. Bageant
RePEc:oup:apecpp:v:32:y:2010:i:4:p:624-641|Food Aid and Agricultural Cargo Preference|Applied Economic Perspectives and Policy|2010|32|4|624|641|Erin C. Lentz
RePEc:oup:apecpp:v:33:y:2011:i:1:p:1-31|Index Funds, Financialization, and Commodity Futures Markets|Applied Economic Perspectives and Policy|2011|33|1|1|31|Scott H. Irwin
RePEc:oup:apecpp:v:33:y:2011:i:1:p:1-31|Index Funds, Financialization, and Commodity Futures Markets|Applied Economic Perspectives and Policy|2011|33|1|1|31|Dwight R. Sanders
RePEc:oup:apecpp:v:33:y:2011:i:1:p:32-58|The Economics of Grain Price Volatility|Applied Economic Perspectives and Policy|2011|33|1|32|58|Brian D. Wright
RePEc:oup:apecpp:v:33:y:2011:i:1:p:59-78|The Potential Supply of Carbon Dioxide Offsets from the Anaerobic Digestion of Dairy Waste in the United States|Applied Economic Perspectives and Policy|2011|33|1|59|78|Brent A. Gloy
RePEc:oup:apecpp:v:33:y:2011:i:1:p:79-98|Foregoing Sub-therapeutic Antibiotics: the Impact on Broiler Grow-out Operations|Applied Economic Perspectives and Policy|2011|33|1|79|98|James M. MacDonald
RePEc:oup:apecpp:v:33:y:2011:i:1:p:79-98|Foregoing Sub-therapeutic Antibiotics: the Impact on Broiler Grow-out Operations|Applied Economic Perspectives and Policy|2011|33|1|79|98|Sun-Ling Wang
RePEc:oup:apecpp:v:33:y:2011:i:1:p:99-115|Policy Considerations for Mandating Agriculture in a Greenhouse Gas Emissions Trading Scheme|Applied Economic Perspectives and Policy|2011|33|1|99|115|Tiho Ancev
RePEc:oup:apecpp:v:33:y:2011:i:1:p:116-142|Spreads and Non-Convergence in Chicago Board of Trade Corn, Soybean, and Wheat Futures: Are Index Funds to Blame?|Applied Economic Perspectives and Policy|2011|33|1|116|142|Scott H. Irwin
RePEc:oup:apecpp:v:33:y:2011:i:1:p:116-142|Spreads and Non-Convergence in Chicago Board of Trade Corn, Soybean, and Wheat Futures: Are Index Funds to Blame?|Applied Economic Perspectives and Policy|2011|33|1|116|142|Eugene L. Kunda
RePEc:oup:apecpp:v:33:y:2011:i:2:p:143-178|The Winners' Choice: Sustainable Economic Strategies for Successful 21st-Century Regions|Applied Economic Perspectives and Policy|2011|33|2|143|178|Mark D. Partridge
RePEc:oup:apecpp:v:33:y:2011:i:2:p:143-178|The Winners' Choice: Sustainable Economic Strategies for Successful 21st-Century Regions|Applied Economic Perspectives and Policy|2011|33|2|143|178|M. Rose Olfert
RePEc:oup:apecpp:v:33:y:2011:i:2:p:179-204|Place Orientation and Rural–Urban Interdependence|Applied Economic Perspectives and Policy|2011|33|2|179|204|Emery N. Castle
RePEc:oup:apecpp:v:33:y:2011:i:2:p:179-204|Place Orientation and Rural–Urban Interdependence|Applied Economic Perspectives and Policy|2011|33|2|179|204|Bruce A. Weber
RePEc:oup:apecpp:v:33:y:2011:i:2:p:205-221|Is it Food Quality or Quantity that Responds to Changing Income?|Applied Economic Perspectives and Policy|2011|33|2|205|221|Fred Kuchler
RePEc:oup:apecpp:v:33:y:2011:i:2:p:222-240|Place-Based Income Inequality Clusters in the Rural North Central Region, 1979–2009|Applied Economic Perspectives and Policy|2011|33|2|222|240|David J. Peters
RePEc:oup:apecpp:v:33:y:2011:i:2:p:241-259|The Effect of H1N1 (Swine Flu) Media Coverage on Agricultural Commodity Markets|Applied Economic Perspectives and Policy|2011|33|2|241|259|Witsanu Attavanich
RePEc:oup:apecpp:v:33:y:2011:i:2:p:241-259|The Effect of H1N1 (Swine Flu) Media Coverage on Agricultural Commodity Markets|Applied Economic Perspectives and Policy|2011|33|2|241|259|David Bessler
RePEc:oup:apecpp:v:33:y:2011:i:2:p:260-279|Refining Opportunity Cost Estimates of Not Adopting GM Cotton: An Application in Seven Sub-Saharan African Countries|Applied Economic Perspectives and Policy|2011|33|2|260|279|Antoine Bouët
RePEc:oup:apecpp:v:33:y:2011:i:2:p:260-279|Refining Opportunity Cost Estimates of Not Adopting GM Cotton: An Application in Seven Sub-Saharan African Countries|Applied Economic Perspectives and Policy|2011|33|2|260|279|Guillaume P. Gruère
RePEc:oup:apecpp:v:33:y:2011:i:3:p:281-303|The Economics of Food Insecurity in the United States|Applied Economic Perspectives and Policy|2011|33|3|281|303|Craig Gundersen
RePEc:oup:apecpp:v:33:y:2011:i:3:p:281-303|The Economics of Food Insecurity in the United States|Applied Economic Perspectives and Policy|2011|33|3|281|303|John Pepper
RePEc:oup:apecpp:v:33:y:2011:i:3:p:304-344|The Relationship between Food Assistance and Health: A Review of the Literature and Empirical Strategies for Identifying Program Effects|Applied Economic Perspectives and Policy|2011|33|3|304|344|Chad D. Meyerhoefer
RePEc:oup:apecpp:v:33:y:2011:i:3:p:304-344|The Relationship between Food Assistance and Health: A Review of the Literature and Empirical Strategies for Identifying Program Effects|Applied Economic Perspectives and Policy|2011|33|3|304|344|Muzhe Yang
RePEc:oup:apecpp:v:33:y:2011:i:3:p:345-362|Modern Food Retailers and Traditional Markets in Developing Countries: Comparing Quality, Prices, and Competition Strategies in Thailand|Applied Economic Perspectives and Policy|2011|33|3|345|362|Christin Schipmann
RePEc:oup:apecpp:v:33:y:2011:i:3:p:345-362|Modern Food Retailers and Traditional Markets in Developing Countries: Comparing Quality, Prices, and Competition Strategies in Thailand|Applied Economic Perspectives and Policy|2011|33|3|345|362|Matin Qaim
RePEc:oup:apecpp:v:33:y:2011:i:3:p:363-383|Do Consumer Responses to Media Food Safety Information Last?|Applied Economic Perspectives and Policy|2011|33|3|363|383|Robin Dillaway
RePEc:oup:apecpp:v:33:y:2011:i:3:p:363-383|Do Consumer Responses to Media Food Safety Information Last?|Applied Economic Perspectives and Policy|2011|33|3|363|383|Harry M. Kaiser
RePEc:oup:apecpp:v:33:y:2011:i:3:p:384-401|The Determinants of Internationalization: Evidence from the Wine Industry|Applied Economic Perspectives and Policy|2011|33|3|384|401|Marta Fernández Olmos
RePEc:oup:apecpp:v:33:y:2011:i:3:p:402-427|The Effect of Biofuels on the International Oil Market-super- |Applied Economic Perspectives and Policy|2011|33|3|402|427|Gal Hochman
RePEc:oup:apecpp:v:33:y:2011:i:3:p:402-427|The Effect of Biofuels on the International Oil Market-super- |Applied Economic Perspectives and Policy|2011|33|3|402|427|David Zilberman
RePEc:oup:apecpp:v:33:y:2011:i:3:p:428-448|Sensitivity of Carbon Emission Estimates from Indirect Land-Use Change|Applied Economic Perspectives and Policy|2011|33|3|428|448|Jerome Dumortier
RePEc:oup:apecpp:v:33:y:2011:i:3:p:428-448|Sensitivity of Carbon Emission Estimates from Indirect Land-Use Change|Applied Economic Perspectives and Policy|2011|33|3|428|448|Simla Tokgoz
RePEc:oup:apecpp:v:33:y:2011:i:3:p:449-462|Agricultural Land Elasticities in the United States and Brazil|Applied Economic Perspectives and Policy|2011|33|3|449|462|Kanlaya J. Barr
RePEc:oup:apecpp:v:33:y:2011:i:3:p:449-462|Agricultural Land Elasticities in the United States and Brazil|Applied Economic Perspectives and Policy|2011|33|3|449|462|Leila Harfuch
RePEc:oup:apecpp:v:33:y:2011:i:4:p:463-483|Animal Welfare Economics|Applied Economic Perspectives and Policy|2011|33|4|463|483|Jayson L. Lusk
RePEc:oup:apecpp:v:33:y:2011:i:4:p:463-483|Animal Welfare Economics|Applied Economic Perspectives and Policy|2011|33|4|463|483|F. Bailey Norwood
RePEc:oup:apecpp:v:33:y:2011:i:4:p:484-509|Provision of Farm Animal Welfare: Integrating Productivity and Non-Use Values|Applied Economic Perspectives and Policy|2011|33|4|484|509|Carl Johan Lagerkvist
RePEc:oup:apecpp:v:33:y:2011:i:4:p:484-509|Provision of Farm Animal Welfare: Integrating Productivity and Non-Use Values|Applied Economic Perspectives and Policy|2011|33|4|484|509|Ruben Hoffman
RePEc:oup:apecpp:v:33:y:2011:i:4:p:510-527|The Economics of a Blender's Tax Credit versus a Tax Exemption: The Case of U.S. 'Splash and Dash' Biodiesel Exports to the European Union|Applied Economic Perspectives and Policy|2011|33|4|510|527|Harry de Gorter
RePEc:oup:apecpp:v:33:y:2011:i:4:p:510-527|The Economics of a Blender's Tax Credit versus a Tax Exemption: The Case of U.S. 'Splash and Dash' Biodiesel Exports to the European Union|Applied Economic Perspectives and Policy|2011|33|4|510|527|David R. Just
RePEc:oup:apecpp:v:33:y:2011:i:4:p:528-565|The Constraints to Escaping Rural Poverty: An Analysis of the Complementarities of Assets in Developing Countries|Applied Economic Perspectives and Policy|2011|33|4|528|565|William Foster
RePEc:oup:apecpp:v:33:y:2011:i:4:p:528-565|The Constraints to Escaping Rural Poverty: An Analysis of the Complementarities of Assets in Developing Countries|Applied Economic Perspectives and Policy|2011|33|4|528|565|Gustavo Anríquez
RePEc:oup:apecpp:v:33:y:2011:i:4:p:566-583|Should the U.S. National School Lunch Program continue its in-kind food benefit? A school district-level analysis of funding efficiency and equity|Applied Economic Perspectives and Policy|2011|33|4|566|583|Cora Peterson
RePEc:oup:apecpp:v:33:y:2011:i:4:p:566-583|Should the U.S. National School Lunch Program continue its in-kind food benefit? A school district-level analysis of funding efficiency and equity|Applied Economic Perspectives and Policy|2011|33|4|566|583|Julian Le Grand
RePEc:oup:apecpp:v:33:y:2011:i:4:p:584-605|Why a Global Carbon Policy Could Have a Dramatic Impact on the Pattern of the Worldwide Livestock Production|Applied Economic Perspectives and Policy|2011|33|4|584|605|Misak Avetisyan
RePEc:oup:apecpp:v:33:y:2011:i:4:p:584-605|Why a Global Carbon Policy Could Have a Dramatic Impact on the Pattern of the Worldwide Livestock Production|Applied Economic Perspectives and Policy|2011|33|4|584|605|Benjamin Henderson
RePEc:oup:apecpp:v:33:y:2011:i:4:p:606-622|Oligopsony Fed Cattle Pricing: Did Mandatory Price Reporting Increase Meatpacker Market Power?|Applied Economic Perspectives and Policy|2011|33|4|606|622|Xiaowei Cai
RePEc:oup:apecpp:v:33:y:2011:i:4:p:606-622|Oligopsony Fed Cattle Pricing: Did Mandatory Price Reporting Increase Meatpacker Market Power?|Applied Economic Perspectives and Policy|2011|33|4|606|622|Stephen R. Koontz
RePEc:oup:apecpp:v:33:y:2011:i:4:p:623-638|Comparing the Economic Impact of an Export Shock in Two Modeling Frameworks|Applied Economic Perspectives and Policy|2011|33|4|623|638|Andrew J. Cassey
RePEc:oup:apecpp:v:33:y:2011:i:4:p:623-638|Comparing the Economic Impact of an Export Shock in Two Modeling Frameworks|Applied Economic Perspectives and Policy|2011|33|4|623|638|Abdul Razack
RePEc:oup:apecpp:v:33:y:2011:i:4:p:639-660|Valuing Farmland Protection: Do Empirical Results and Policy Guidance Depend on the Econometric Fine Print?|Applied Economic Perspectives and Policy|2011|33|4|639|660|Robert J. Johnston
RePEc:oup:apecpp:v:33:y:2011:i:4:p:639-660|Valuing Farmland Protection: Do Empirical Results and Policy Guidance Depend on the Econometric Fine Print?|Applied Economic Perspectives and Policy|2011|33|4|639|660|John C. Bergstrom
RePEc:oup:apecpp:v:33:y:2011:i:4:p:661-667|Policy Considerations for Mandating Agriculture in a Greenhouse Gas Emissions Trading Scheme: A comment|Applied Economic Perspectives and Policy|2011|33|4|661|667|Stéphane De Cara
RePEc:oup:apecpp:v:33:y:2011:i:4:p:661-667|Policy Considerations for Mandating Agriculture in a Greenhouse Gas Emissions Trading Scheme: A comment|Applied Economic Perspectives and Policy|2011|33|4|661|667|Bruno Vermont
RePEc:oup:apecpp:v:33:y:2011:i:4:p:668-672|Policy Considerations for Mandating Agriculture in a Greenhouse Gas Emissions Trading Scheme: Reply|Applied Economic Perspectives and Policy|2011|33|4|668|672|Tiho Ancev
RePEc:oup:apecpp:v:33:y:2011:i:4:p:673-673|Sensitivity of Carbon Emission Estimates from Indirect Land-Use Change|Applied Economic Perspectives and Policy|2011|33|4|673|673|Jerome Dumortier
RePEc:oup:apecpp:v:33:y:2011:i:4:p:673-673|Sensitivity of Carbon Emission Estimates from Indirect Land-Use Change|Applied Economic Perspectives and Policy|2011|33|4|673|673|Simla Tokgoz
RePEc:oup:apecpp:v:34:y:2012:i:1:p:1-36|Advances in Chinese Agriculture and its Global Implications|Applied Economic Perspectives and Policy|2012|34|1|1|36|Colin A. Carter
RePEc:oup:apecpp:v:34:y:2012:i:1:p:1-36|Advances in Chinese Agriculture and its Global Implications|Applied Economic Perspectives and Policy|2012|34|1|1|36|Jing Zhu
RePEc:oup:apecpp:v:34:y:2012:i:1:p:37-75|Russian Agriculture during Transition: Performance, Global Impact, and Outlook|Applied Economic Perspectives and Policy|2012|34|1|37|75|William M. Liefert
RePEc:oup:apecpp:v:34:y:2012:i:1:p:37-75|Russian Agriculture during Transition: Performance, Global Impact, and Outlook|Applied Economic Perspectives and Policy|2012|34|1|37|75|Olga Liefert
RePEc:oup:apecpp:v:34:y:2012:i:1:p:76-101|Demand for Whole-grain Bread Before and After the Release of Dietary Guidelines-super- †|Applied Economic Perspectives and Policy|2012|34|1|76|101|Lisa Mancino
RePEc:oup:apecpp:v:34:y:2012:i:1:p:76-101|Demand for Whole-grain Bread Before and After the Release of Dietary Guidelines-super- †|Applied Economic Perspectives and Policy|2012|34|1|76|101|Fred Kuchler
RePEc:oup:apecpp:v:34:y:2012:i:1:p:102-118|Diffusion of Bt Cotton in India: Impact of Seed Prices and Varietal Approval|Applied Economic Perspectives and Policy|2012|34|1|102|118|Anchal Arora
RePEc:oup:apecpp:v:34:y:2012:i:1:p:102-118|Diffusion of Bt Cotton in India: Impact of Seed Prices and Varietal Approval|Applied Economic Perspectives and Policy|2012|34|1|102|118|Sangeeta Bansal
RePEc:oup:apecpp:v:34:y:2012:i:1:p:119-146|Emergency Vaccination to Control Foot-and-mouth Disease: Implications of its Inclusion as a U.S. Policy Option|Applied Economic Perspectives and Policy|2012|34|1|119|146|Amy D. Hagerman
RePEc:oup:apecpp:v:34:y:2012:i:1:p:119-146|Emergency Vaccination to Control Foot-and-mouth Disease: Implications of its Inclusion as a U.S. Policy Option|Applied Economic Perspectives and Policy|2012|34|1|119|146|Joshua O'Brien
RePEc:oup:apecpp:v:34:y:2012:i:1:p:147-166|Policy Risk in the Canadian Dairy Industry|Applied Economic Perspectives and Policy|2012|34|1|147|166|Lia Nogueira
RePEc:oup:apecpp:v:34:y:2012:i:1:p:147-166|Policy Risk in the Canadian Dairy Industry|Applied Economic Perspectives and Policy|2012|34|1|147|166|Hayley H. Chouinard
RePEc:oup:apecpp:v:34:y:2012:i:1:p:167-186|Determinants of Producers' Participation in Agricultural Cooperatives: Evidence from Northern China|Applied Economic Perspectives and Policy|2012|34|1|167|186|Shi Zheng
RePEc:oup:apecpp:v:34:y:2012:i:1:p:167-186|Determinants of Producers' Participation in Agricultural Cooperatives: Evidence from Northern China|Applied Economic Perspectives and Policy|2012|34|1|167|186|Titus O. Awokuse
RePEc:oup:apecpp:v:34:y:2012:i:1:p:187-213|Supplemental Nutrition Assistance Program Dynamics and Employment Transitions: The Role of Employment Instability|Applied Economic Perspectives and Policy|2012|34|1|187|213|James Mabli
RePEc:oup:apecpp:v:34:y:2012:i:1:p:187-213|Supplemental Nutrition Assistance Program Dynamics and Employment Transitions: The Role of Employment Instability|Applied Economic Perspectives and Policy|2012|34|1|187|213|James C. Ohls
RePEc:oup:apecpp:v:34:y:2012:i:2:p:215-219|Redesigning Long-term Care Finance and Delivery|Applied Economic Perspectives and Policy|2012|34|2|215|219|Joan Costa-Font
RePEc:oup:apecpp:v:34:y:2012:i:2:p:215-219|Redesigning Long-term Care Finance and Delivery|Applied Economic Perspectives and Policy|2012|34|2|215|219|Bernard van den Berg
RePEc:oup:apecpp:v:34:y:2012:i:2:p:220-237|Why Do People Let Their Long-term Care Insurance Lapse? Evidence from the Health and Retirement Study|Applied Economic Perspectives and Policy|2012|34|2|220|237|Yong Li
RePEc:oup:apecpp:v:34:y:2012:i:2:p:220-237|Why Do People Let Their Long-term Care Insurance Lapse? Evidence from the Health and Retirement Study|Applied Economic Perspectives and Policy|2012|34|2|220|237|Gail A. Jensen
RePEc:oup:apecpp:v:34:y:2012:i:2:p:238-257|Market Structure, Competition from Assisted Living Facilities, and Quality in the Nursing Home Industry|Applied Economic Perspectives and Policy|2012|34|2|238|257|John R. Bowblis
RePEc:oup:apecpp:v:34:y:2012:i:2:p:258-274|The Impact of Financial Incentives on the Composition of Long-term Care in Norway|Applied Economic Perspectives and Policy|2012|34|2|258|274|Henning Oien
RePEc:oup:apecpp:v:34:y:2012:i:2:p:258-274|The Impact of Financial Incentives on the Composition of Long-term Care in Norway|Applied Economic Perspectives and Policy|2012|34|2|258|274|Tor Iversen
RePEc:oup:apecpp:v:34:y:2012:i:2:p:275-299|Measuring Inefficiency in Long-term Care Commissioning: Evidence from English Local Authorities|Applied Economic Perspectives and Policy|2012|34|2|275|299|Francesco D'Amico
RePEc:oup:apecpp:v:34:y:2012:i:2:p:275-299|Measuring Inefficiency in Long-term Care Commissioning: Evidence from English Local Authorities|Applied Economic Perspectives and Policy|2012|34|2|275|299|Jose-Luis Fernandez
RePEc:oup:apecpp:v:34:y:2012:i:2:p:300-315|Making Gerontocracy Work: Population Aging and the Generosity of Public Long-term Care|Applied Economic Perspectives and Policy|2012|34|2|300|315|Lina Maria Ellegard
RePEc:oup:apecpp:v:34:y:2012:i:2:p:316-332|Help Wanted? Fair and Sustainable Financing of Long-term Care Services|Applied Economic Perspectives and Policy|2012|34|2|316|332|Francesca Colombo
RePEc:oup:apecpp:v:34:y:2012:i:2:p:316-332|Help Wanted? Fair and Sustainable Financing of Long-term Care Services|Applied Economic Perspectives and Policy|2012|34|2|316|332|Jérome Mercier
RePEc:oup:apecpp:v:34:y:2012:i:2:p:333-345|Long-term Care Financing in the United States: Sources and Institutions|Applied Economic Perspectives and Policy|2012|34|2|333|345|Richard G. Frank
RePEc:oup:apecpp:v:34:y:2012:i:2:p:346-362|Reforming Long-term Care Funding Arrangements in England: International Lessons|Applied Economic Perspectives and Policy|2012|34|2|346|362|Jose-Luis Fernandez
RePEc:oup:apecpp:v:34:y:2012:i:2:p:346-362|Reforming Long-term Care Funding Arrangements in England: International Lessons|Applied Economic Perspectives and Policy|2012|34|2|346|362|Julien Forder
RePEc:oup:apecpp:v:34:y:2012:i:3:p:363-390|Agricultural Insurance in Developed Countries: Where Have We Been and Where Are We Going?|Applied Economic Perspectives and Policy|2012|34|3|363|390|Vincent H. Smith
RePEc:oup:apecpp:v:34:y:2012:i:3:p:363-390|Agricultural Insurance in Developed Countries: Where Have We Been and Where Are We Going?|Applied Economic Perspectives and Policy|2012|34|3|363|390|Joseph W. Glauber
RePEc:oup:apecpp:v:34:y:2012:i:3:p:391-427|Index Insurance for Developing Countries|Applied Economic Perspectives and Policy|2012|34|3|391|427|Mario J. Miranda
RePEc:oup:apecpp:v:34:y:2012:i:3:p:391-427|Index Insurance for Developing Countries|Applied Economic Perspectives and Policy|2012|34|3|391|427|Katie Farrin
RePEc:oup:apecpp:v:34:y:2012:i:3:p:428-453|Impact of Participatory Forestry Program on Sustainable Rural Livelihoods: Lessons From an Indian Province|Applied Economic Perspectives and Policy|2012|34|3|428|453|Nimai Das
RePEc:oup:apecpp:v:34:y:2012:i:3:p:454-471|Judging Farmers' Willingness to Trade Distance and Taxes for Extension Services|Applied Economic Perspectives and Policy|2012|34|3|454|471|Florian Diekmann
RePEc:oup:apecpp:v:34:y:2012:i:3:p:454-471|Judging Farmers' Willingness to Trade Distance and Taxes for Extension Services|Applied Economic Perspectives and Policy|2012|34|3|454|471|Meng-Fen Yen
RePEc:oup:apecpp:v:34:y:2012:i:3:p:472-488|Trade Policy Reform, Productivity Growth and Welfare in South Korean Agriculture|Applied Economic Perspectives and Policy|2012|34|3|472|488|Chun Kwon Yoo
RePEc:oup:apecpp:v:34:y:2012:i:3:p:472-488|Trade Policy Reform, Productivity Growth and Welfare in South Korean Agriculture|Applied Economic Perspectives and Policy|2012|34|3|472|488|Hanho Kim
RePEc:oup:apecpp:v:34:y:2012:i:3:p:489-514|A Comparison of Salary Structures Between Economics and Agricultural Economics Departments|Applied Economic Perspectives and Policy|2012|34|3|489|514|Christiana E. Hilmer
RePEc:oup:apecpp:v:34:y:2012:i:3:p:489-514|A Comparison of Salary Structures Between Economics and Agricultural Economics Departments|Applied Economic Perspectives and Policy|2012|34|3|489|514|Jayson L. Lusk
RePEc:oup:apecpp:v:34:y:2012:i:3:p:515-530|A Reappraisal of Investing in Commodity Futures Markets|Applied Economic Perspectives and Policy|2012|34|3|515|530|Dwight R. Sanders
RePEc:oup:apecpp:v:34:y:2012:i:3:p:515-530|A Reappraisal of Investing in Commodity Futures Markets|Applied Economic Perspectives and Policy|2012|34|3|515|530|Scott H. Irwin
RePEc:oup:apecpp:v:34:y:2012:i:3:p:531-553|Does Adoption of Pharmaceutical Innovation Respond to Changes in the Regulatory Environment?|Applied Economic Perspectives and Policy|2012|34|3|531|553|Nebibe Varol
RePEc:oup:apecpp:v:34:y:2012:i:3:p:531-553|Does Adoption of Pharmaceutical Innovation Respond to Changes in the Regulatory Environment?|Applied Economic Perspectives and Policy|2012|34|3|531|553|Alistair McGuire
RePEc:oup:apecpp:v:34:y:2012:i:4:p:555-569|The Market for U.S. Livestock Feed Proteins|Applied Economic Perspectives and Policy|2012|34|4|555|569|Kenneth H. Mathews
RePEc:oup:apecpp:v:34:y:2012:i:4:p:555-569|The Market for U.S. Livestock Feed Proteins|Applied Economic Perspectives and Policy|2012|34|4|555|569|Michael J. McConnell
RePEc:oup:apecpp:v:34:y:2012:i:4:p:570-586|How Do Biofuel Use Mandates Cause Uncertainty? United States Environmental Protection Agency Cellulosic Waiver Options|Applied Economic Perspectives and Policy|2012|34|4|570|586|Seth Meyer
RePEc:oup:apecpp:v:34:y:2012:i:4:p:570-586|How Do Biofuel Use Mandates Cause Uncertainty? United States Environmental Protection Agency Cellulosic Waiver Options|Applied Economic Perspectives and Policy|2012|34|4|570|586|Wyatt Thompson
RePEc:oup:apecpp:v:34:y:2012:i:4:p:587-598|The End of Farm Labor Abundance|Applied Economic Perspectives and Policy|2012|34|4|587|598|J. Edward Taylor
RePEc:oup:apecpp:v:34:y:2012:i:4:p:587-598|The End of Farm Labor Abundance|Applied Economic Perspectives and Policy|2012|34|4|587|598|Antonio Yúnez-Naude
RePEc:oup:apecpp:v:34:y:2012:i:4:p:599-614|Front-of-Package Nutritional Labels and Consumer Beverage Perceptions|Applied Economic Perspectives and Policy|2012|34|4|599|614|Hyeyoung Kim
RePEc:oup:apecpp:v:34:y:2012:i:4:p:599-614|Front-of-Package Nutritional Labels and Consumer Beverage Perceptions|Applied Economic Perspectives and Policy|2012|34|4|599|614|Zhifeng Gao
RePEc:oup:apecpp:v:34:y:2012:i:4:p:615-636|Analyzing Farmer Participation Intentions and County Enrollment Rates for the Average Crop Revenue Election Program|Applied Economic Perspectives and Policy|2012|34|4|615|636|Paul D. Mitchell
RePEc:oup:apecpp:v:34:y:2012:i:4:p:615-636|Analyzing Farmer Participation Intentions and County Enrollment Rates for the Average Crop Revenue Election Program|Applied Economic Perspectives and Policy|2012|34|4|615|636|Thomas O. Knight
RePEc:oup:apecpp:v:34:y:2012:i:4:p:637-668|Providing Numbers for a Food versus Fuel Debate: An Analysis of a Future Biofuel Production Scenario|Applied Economic Perspectives and Policy|2012|34|4|637|668|Biswo N. Poudel
RePEc:oup:apecpp:v:34:y:2012:i:4:p:637-668|Providing Numbers for a Food versus Fuel Debate: An Analysis of a Future Biofuel Production Scenario|Applied Economic Perspectives and Policy|2012|34|4|637|668|David Zilberman
RePEc:oup:apecpp:v:34:y:2012:i:4:p:669-695|Competition in U.S. Farm Product Markets: Do Long-Run Incentives Trump Short-Run Market Power?|Applied Economic Perspectives and Policy|2012|34|4|669|695|John M. Crespi
RePEc:oup:apecpp:v:34:y:2012:i:4:p:669-695|Competition in U.S. Farm Product Markets: Do Long-Run Incentives Trump Short-Run Market Power?|Applied Economic Perspectives and Policy|2012|34|4|669|695|Richard J. Sexton
RePEc:oup:apecpp:v:34:y:2012:i:4:p:696-723|State Trading Enterprises as Non-Tariff Measures: Theory, Evidence, and Future Research Directions|Applied Economic Perspectives and Policy|2012|34|4|696|723|Steve McCorriston
RePEc:oup:apecpp:v:34:y:2012:i:4:p:696-723|State Trading Enterprises as Non-Tariff Measures: Theory, Evidence, and Future Research Directions|Applied Economic Perspectives and Policy|2012|34|4|696|723|Donald MacLaren
RePEc:oup:apecpp:v:35:y:2013:i:1:p:1-6|Understanding Healthy Lifestyles: The Role of Choice and the Environment|Applied Economic Perspectives and Policy|2013|35|1|1|6|Joan Costa Font
RePEc:oup:apecpp:v:35:y:2013:i:1:p:1-6|Understanding Healthy Lifestyles: The Role of Choice and the Environment|Applied Economic Perspectives and Policy|2013|35|1|1|6|Jayachandran N. Variyam
RePEc:oup:apecpp:v:35:y:2013:i:1:p:7-31|How Package Design and Packaged-based Marketing Claims Lead to Overeating|Applied Economic Perspectives and Policy|2013|35|1|7|31|Pierre Chandon
RePEc:oup:apecpp:v:35:y:2013:i:1:p:32-51|The Consequences of Rising Youth Obesity for U.S. Military Academy Admissions|Applied Economic Perspectives and Policy|2013|35|1|32|51|John Cawley
RePEc:oup:apecpp:v:35:y:2013:i:1:p:32-51|The Consequences of Rising Youth Obesity for U.S. Military Academy Admissions|Applied Economic Perspectives and Policy|2013|35|1|32|51|Johanna Catherine Maclean
RePEc:oup:apecpp:v:35:y:2013:i:1:p:52-68|Integrating Educational, Environmental, and Behavioral Economic Strategies May Improve the Effectiveness of Obesity Interventions|Applied Economic Perspectives and Policy|2013|35|1|52|68|Joel Gittelsohn
RePEc:oup:apecpp:v:35:y:2013:i:1:p:52-68|Integrating Educational, Environmental, and Behavioral Economic Strategies May Improve the Effectiveness of Obesity Interventions|Applied Economic Perspectives and Policy|2013|35|1|52|68|Katherine Lee
RePEc:oup:apecpp:v:35:y:2013:i:1:p:69-88|The Effect of Food Store Access and Income on Household Purchases of Fruits and Vegetables: A Mixed Effects Analysis|Applied Economic Perspectives and Policy|2013|35|1|69|88|Gayaneh Kyureghian
RePEc:oup:apecpp:v:35:y:2013:i:1:p:69-88|The Effect of Food Store Access and Income on Household Purchases of Fruits and Vegetables: A Mixed Effects Analysis|Applied Economic Perspectives and Policy|2013|35|1|69|88|Suparna Bhattacharya
RePEc:oup:apecpp:v:35:y:2013:i:1:p:89-105|How Does Time Poverty Affect Behavior? A Look at Eating and Physical Activity|Applied Economic Perspectives and Policy|2013|35|1|89|105|Charlene M. Kalenkoski
RePEc:oup:apecpp:v:35:y:2013:i:1:p:89-105|How Does Time Poverty Affect Behavior? A Look at Eating and Physical Activity|Applied Economic Perspectives and Policy|2013|35|1|89|105|Karen S. Hamrick
RePEc:oup:apecpp:v:35:y:2013:i:1:p:106-124|Food Deserts and Childhood Obesity|Applied Economic Perspectives and Policy|2013|35|1|106|124|Pedro A. Alviola
RePEc:oup:apecpp:v:35:y:2013:i:1:p:106-124|Food Deserts and Childhood Obesity|Applied Economic Perspectives and Policy|2013|35|1|106|124|Michael Thomsen
RePEc:oup:apecpp:v:35:y:2013:i:1:p:125-149|The Economics of Health and Vitamin Consumption|Applied Economic Perspectives and Policy|2013|35|1|125|149|Christiane Schroeter
RePEc:oup:apecpp:v:35:y:2013:i:1:p:125-149|The Economics of Health and Vitamin Consumption|Applied Economic Perspectives and Policy|2013|35|1|125|149|Andrea Carlson
RePEc:oup:apecpp:v:35:y:2013:i:1:p:150-170|An Alternative to Developing Stores in Food Deserts: Can Changes in SNAP Benefits Make a Difference?|Applied Economic Perspectives and Policy|2013|35|1|150|170|Margaret Andrews
RePEc:oup:apecpp:v:35:y:2013:i:1:p:150-170|An Alternative to Developing Stores in Food Deserts: Can Changes in SNAP Benefits Make a Difference?|Applied Economic Perspectives and Policy|2013|35|1|150|170|Michele Ver Ploeg
RePEc:oup:apecpp:v:35:y:2013:i:1:p:171-184|Demand Reduction from Plain and Pictorial Cigarette Warning Labels: Evidence from Experimental Auctions|Applied Economic Perspectives and Policy|2013|35|1|171|184|Matthew C. Rousu
RePEc:oup:apecpp:v:35:y:2013:i:1:p:171-184|Demand Reduction from Plain and Pictorial Cigarette Warning Labels: Evidence from Experimental Auctions|Applied Economic Perspectives and Policy|2013|35|1|171|184|James F. Thrasher
RePEc:oup:apecpp:v:35:y:2013:i:2:p:185-205|Empirical Modeling of R&D Demand in a Dynamic Framework|Applied Economic Perspectives and Policy|2013|35|2|185|205|Mark J. Roberts
RePEc:oup:apecpp:v:35:y:2013:i:2:p:185-205|Empirical Modeling of R&D Demand in a Dynamic Framework|Applied Economic Perspectives and Policy|2013|35|2|185|205|Van Anh Vuong
RePEc:oup:apecpp:v:35:y:2013:i:2:p:206-241|Incentives for Innovation: Patents, Prizes, and Research Contracts|Applied Economic Perspectives and Policy|2013|35|2|206|241|Matthew S. Clancy
RePEc:oup:apecpp:v:35:y:2013:i:2:p:206-241|Incentives for Innovation: Patents, Prizes, and Research Contracts|Applied Economic Perspectives and Policy|2013|35|2|206|241|GianCarlo Moschini
RePEc:oup:apecpp:v:35:y:2013:i:2:p:242-269|What Influences Farm Size Growth? An Illustration in Southwestern France|Applied Economic Perspectives and Policy|2013|35|2|242|269|Mikaël Akimowicz
RePEc:oup:apecpp:v:35:y:2013:i:2:p:242-269|What Influences Farm Size Growth? An Illustration in Southwestern France|Applied Economic Perspectives and Policy|2013|35|2|242|269|Denis Requier-Desjardins
RePEc:oup:apecpp:v:35:y:2013:i:2:p:270-295|Modeling Loan Repayment Behavior in Developing Countries|Applied Economic Perspectives and Policy|2013|35|2|270|295|Manojit Bhattacharjee
RePEc:oup:apecpp:v:35:y:2013:i:2:p:270-295|Modeling Loan Repayment Behavior in Developing Countries|Applied Economic Perspectives and Policy|2013|35|2|270|295|Meenakshi Rajeev
RePEc:oup:apecpp:v:35:y:2013:i:2:p:296-321|Differences between Livestock and Crop Producers' Participation in Nutrient Trading|Applied Economic Perspectives and Policy|2013|35|2|296|321|Stacy Sneeringer
RePEc:oup:apecpp:v:35:y:2013:i:2:p:322-340|Addressing the 'Wicked Problem' of Input Subsidy Programs in Africa|Applied Economic Perspectives and Policy|2013|35|2|322|340|Jacob Ricker-Gilbert
RePEc:oup:apecpp:v:35:y:2013:i:2:p:322-340|Addressing the 'Wicked Problem' of Input Subsidy Programs in Africa|Applied Economic Perspectives and Policy|2013|35|2|322|340|Gerald Shively
RePEc:oup:apecpp:v:35:y:2013:i:2:p:341-359|Children's Consumption of Fruits and Vegetables: Do School Environment and Policies Affect Choices at School and Away from School?|Applied Economic Perspectives and Policy|2013|35|2|341|359|Ariun Ishdorj
RePEc:oup:apecpp:v:35:y:2013:i:2:p:341-359|Children's Consumption of Fruits and Vegetables: Do School Environment and Policies Affect Choices at School and Away from School?|Applied Economic Perspectives and Policy|2013|35|2|341|359|Helen H. Jensen
RePEc:oup:apecpp:v:35:y:2013:i:2:p:360-376|Do Environmental Interventions Impact Elementary School Students' Lunchtime Milk Selection?|Applied Economic Perspectives and Policy|2013|35|2|360|376|Keiko Goto
RePEc:oup:apecpp:v:35:y:2013:i:2:p:360-376|Do Environmental Interventions Impact Elementary School Students' Lunchtime Milk Selection?|Applied Economic Perspectives and Policy|2013|35|2|360|376|Maria Giovanni
RePEc:oup:apecpp:v:35:y:2013:i:3:p:377-397|Cutting Carbon, Take Two: A Brief Guide to Federal Electricity-Sector Climate Policy without Cap-and-Trade|Applied Economic Perspectives and Policy|2013|35|3|377|397|Joshua Linn
RePEc:oup:apecpp:v:35:y:2013:i:3:p:377-397|Cutting Carbon, Take Two: A Brief Guide to Federal Electricity-Sector Climate Policy without Cap-and-Trade|Applied Economic Perspectives and Policy|2013|35|3|377|397|Nathan Richardson
RePEc:oup:apecpp:v:35:y:2013:i:3:p:398-434|New Uses of Old Tools? Greenhouse Gas Mitigation with Agriculture Sector Policies|Applied Economic Perspectives and Policy|2013|35|3|398|434|Carol Adaire Jones
RePEc:oup:apecpp:v:35:y:2013:i:3:p:398-434|New Uses of Old Tools? Greenhouse Gas Mitigation with Agriculture Sector Policies|Applied Economic Perspectives and Policy|2013|35|3|398|434|Paul W. Heisey
RePEc:oup:apecpp:v:35:y:2013:i:3:p:435-450|Is U.S. Agricultural Productivity Growth Slowing?|Applied Economic Perspectives and Policy|2013|35|3|435|450|Eldon Ball
RePEc:oup:apecpp:v:35:y:2013:i:3:p:435-450|Is U.S. Agricultural Productivity Growth Slowing?|Applied Economic Perspectives and Policy|2013|35|3|435|450|Sun Ling Wang
RePEc:oup:apecpp:v:35:y:2013:i:3:p:451-475|Comparison of GHG-Emission Indicators for Dairy Farms with Respect to Induced Abatement Costs, Accuracy, and Feasibility|Applied Economic Perspectives and Policy|2013|35|3|451|475|Bernd Lengers
RePEc:oup:apecpp:v:35:y:2013:i:3:p:451-475|Comparison of GHG-Emission Indicators for Dairy Farms with Respect to Induced Abatement Costs, Accuracy, and Feasibility|Applied Economic Perspectives and Policy|2013|35|3|451|475|Karin Holm-Müller
RePEc:oup:apecpp:v:35:y:2013:i:3:p:476-507|Consumer Response to 'Contains' and 'Free of' Labeling: Evidence from Lab Experiments|Applied Economic Perspectives and Policy|2013|35|3|476|507|Jura Liaukonyte
RePEc:oup:apecpp:v:35:y:2013:i:3:p:476-507|Consumer Response to 'Contains' and 'Free of' Labeling: Evidence from Lab Experiments|Applied Economic Perspectives and Policy|2013|35|3|476|507|Bradley J. Rickard
RePEc:oup:apecpp:v:35:y:2013:i:3:p:508-527|The Impact of Credit Constraints on Farm Households: Survey Results from India and China|Applied Economic Perspectives and Policy|2013|35|3|508|527|Chandra S. Kumar
RePEc:oup:apecpp:v:35:y:2013:i:3:p:508-527|The Impact of Credit Constraints on Farm Households: Survey Results from India and China|Applied Economic Perspectives and Policy|2013|35|3|508|527|Jaclyn D. Kropp
RePEc:oup:apecpp:v:35:y:2013:i:3:p:528-549|The Disadoption of rbST and Its Economic Impact: A Switching Regression Approach|Applied Economic Perspectives and Policy|2013|35|3|528|549|Henry An
RePEc:oup:apecpp:v:35:y:2013:i:3:p:550-564|Road Block to Risk Management — Investigating Class I Milk Cross-Hedging Opportunities|Applied Economic Perspectives and Policy|2013|35|3|550|564|John Newton
RePEc:oup:apecpp:v:35:y:2013:i:3:p:550-564|Road Block to Risk Management — Investigating Class I Milk Cross-Hedging Opportunities|Applied Economic Perspectives and Policy|2013|35|3|550|564|Cameron S. Thraen
RePEc:oup:apecpp:v:35:y:2013:i:4:p:565-592|When Is Reliance on Voluntary Approaches in Agriculture Likely to Be Effective?|Applied Economic Perspectives and Policy|2013|35|4|565|592|Kathleen Segerson
RePEc:oup:apecpp:v:35:y:2013:i:4:p:593-612|From Hopeless to Curious? Thoughts on Hausman's 'Dubious to Hopeless' Critique of Contingent Valuation|Applied Economic Perspectives and Policy|2013|35|4|593|612|Timothy C. Haab
RePEc:oup:apecpp:v:35:y:2013:i:4:p:593-612|From Hopeless to Curious? Thoughts on Hausman's 'Dubious to Hopeless' Critique of Contingent Valuation|Applied Economic Perspectives and Policy|2013|35|4|593|612|John C. Whitehead
RePEc:oup:apecpp:v:35:y:2013:i:4:p:613-633|Economic and Social Implications of Regulating Alcohol Availability in Grocery Stores|Applied Economic Perspectives and Policy|2013|35|4|613|633|Bradley J. Rickard
RePEc:oup:apecpp:v:35:y:2013:i:4:p:613-633|Economic and Social Implications of Regulating Alcohol Availability in Grocery Stores|Applied Economic Perspectives and Policy|2013|35|4|613|633|Teevrat Garg
RePEc:oup:apecpp:v:35:y:2013:i:4:p:634-660|Vulnerability of Primary Care Organizations to the National Health Service Reform in England|Applied Economic Perspectives and Policy|2013|35|4|634|660|José Iparraguirre
RePEc:oup:apecpp:v:35:y:2013:i:4:p:634-660|Vulnerability of Primary Care Organizations to the National Health Service Reform in England|Applied Economic Perspectives and Policy|2013|35|4|634|660|Diego Peña
RePEc:oup:apecpp:v:35:y:2013:i:4:p:661-678|A Hedonic Valuation of Residential Water Services|Applied Economic Perspectives and Policy|2013|35|4|661|678|William F. Vásquez
RePEc:oup:apecpp:v:35:y:2013:i:4:p:708-730|Tourism Policy as a Tool for Rural Development|Applied Economic Perspectives and Policy|2013|35|4|708|730|Nina Hyytiä
RePEc:oup:apecpp:v:35:y:2013:i:4:p:708-730|Tourism Policy as a Tool for Rural Development|Applied Economic Perspectives and Policy|2013|35|4|708|730|Jukka Kola
