aer;A Joshua Strickland;none
aer;A Kerem Co ar;none
aer;Aaron K Chatterji;none
aer;Abraham L Wickelgren;none
aer;Adam Looney;none
aer;Adi Brender;none
aer;Aditya Shrinivas;none
aer;Adnan Q Khan;none
aer;Adrian Peralta Alva;none
aer;Adriana Lleras Muney;none
aer;Adriano A Rampini;none
aer;Adrien Auclert;none
aer;Ajeyo Banerjee;none
aer;Alain Cohn;none
aer;Alaka Holla;none
aer;Alan D Morrison;none
aer;Alan Fernihough;none
aer;Alan Fuchs;none
aer;Alan Kwan;none
aer;Alan Sorensen;none
aer;Albert H Choi;none
aer;Alejandro J Ganimian;none
aer;Alejandro Martinez Marquina;none
aer;Alex Imas;none
aer;Alex Lammertsma;none
aer;Alexander D Rothenberg;none
aer;Alexander Frankel;none
aer;Alexander S Gorbenko;none
aer;Alexander Strand;none
aer;Alexander V Hirsch;none
aer;Alexandra Killewald;none
aer;Alexandra Roulet;none
aer;Ali Raja;none
aer;Allan Drazen;none
aer;Allan Timmermann;none
aer;Allen Zhang;none
aer;Alp Simsek;none
aer;Alvaro J Name Correa;none
aer;Alvaro Sandroni;none
aer;Alwyn Young;none
aer;Amanda Pallais;none
aer;Amir Kermani;none
aer;Amir Yaron;none
aer;Amira Abulafi;none
aer;Ana Cecilia Fieler;none
aer;Andrea Generale;none
aer;Andrea Lanteri;none
aer;Andrei Markevich;none
aer;Andres Babino;none
aer;Andres Velasco;none
aer;Andrew C Shaver;none
aer;Andrew Charlton;none
aer;Andrew Goodman Bacon;none
aer;Andrey Malenko;none
aer;Aner Sela;none
aer;Angela A Hung;none
aer;Anna Salomons;none
aer;Annette Alstadster;none
aer;Annette Vissing Jrgensen;none
aer;Annika Sunden;none
aer;Anthony C Fisher;none
aer;Anthony M Kwasnica;none
aer;Antoine Faure Grimaud;none
aer;Anton Tsoy;none
aer;Antoni Estevadeordal;none
aer;Antonio Rangel;none
aer;Aprajit Mahajan;none
aer;Arijit Mukherji;none
aer;Arjun Venkatesh;none
aer;Arpit Gupta;none
aer;Art Fraas;none
aer;Arthur A van Benthem;none
aer;Arun G Chandrasekhar;none
aer;Arvind Krishnamurthy;none
aer;Ashley Swanson;none
aer;Ashok Kotwal;none
aer;Astri Drange Hole;none
aer;Astrid Wurtz Rasmussen;none
aer;Asuman Ozdaglar;none
aer;Atila Abdulkadiroglu;none
aer;Attila Ambrus;none
aer;Attila Lindner;none
aer;Austin L Wright;none
aer;Avery M Guest;none
aer;Avi Simhon;none
aer;Avner Shaked;none
aer;Axel Anderson;none
aer;Ay egul ahin;none
aer;Ayala Arad;none
aer;Aysegul Sahin;none
aer;B Pablo Montagnes;none
aer;Bal zs Szentes;none
aer;Balazs Szentes;none
aer;Bart J Bronnenberg;none
aer;Bartholomew J Moore;none
aer;Beatrice Weder;none
aer;Bee Yan Aw;none
aer;Bei Qin;none
aer;Ben Charoenwong;none
aer;Ben Jacobsen;none
aer;Ben M Sand;none
aer;Benedikt Herrmann;none
aer;Bengt Holmstrom;none
aer;Benjamin Brooks;none
aer;Benjamin Edelman;none
aer;Benjamin F Jones;none
aer;Benjamin Faber;none
aer;Benjamin Hebert;none
aer;Benjamin N Roin;none
aer;Benjamin R Handel;none
aer;Benjamin Schoefer;none
aer;Bernardo S Blum;none
aer;Bernd Irlenbusch;none
aer;Bhagwan Chowdhry;none
aer;Bilge Yilmaz;none
aer;Bin Miao;none
aer;Bjorn R Gudmundsson;none
aer;Bo Sun;none
aer;Bradley Setzler;none
aer;Brendan Daley;none
aer;Brendan Lucier;none
aer;Brett Green;none
aer;Brett J Noel;none
aer;Brian A Jacob;none
aer;Brian Blackburn;none
aer;Brian D Kelly;none
aer;Brian K Kovak;none
aer;Brian L Goff;none
aer;Brian McManus;none
aer;Brian Sack;none
aer;Bruce Hay;none
aer;Bruce W Hamilton;none
aer;Bruno Caprettini;none
aer;Bryan Kelly;none
aer;Byron F Lutz;none
aer;C Lanier Benkard;none
aer;C Nicholas McKinney;none
aer;CAdric Tille;none
aer;Camilo Garcia Jimeno;none
aer;Canice Prendergast;none
aer;Carlo Galli;none
aer;Carlos Garriga;none
aer;Carmen Tanner;none
aer;Carola Frydman;none
aer;Carsten Jentsch;none
aer;Catherine D Wolfram;none
aer;Catherine Thomas;none
aer;Cecile Gaubert;none
aer;Cecilia Rouse;none
aer;Celeste Saravia;none
aer;Cesi Cruz;none
aer;Chamna Yoon;none
aer;Chang Tai Hsieh;none
aer;Charles Morcom;none
aer;Chen Lian;none
aer;Chen Ying Huang;none
aer;Cheng Tao Tang;none
aer;Chenghuan Sean Chu;none
aer;Chiara Criscuolo;none
aer;Chol Won Li;none
aer;Chris Forman;none
aer;Chris Kabrhel;none
aer;Christian Broda;none
aer;Christian Hansen;none
aer;Christian Morrisson;none
aer;Christiane Baumeister;none
aer;Christine A Parlour;none
aer;Christoph Brunner;none
aer;Christoph Rothe;none
aer;Christophe Spaenjers;none
aer;Christopher A Parsons;none
aer;Christopher A Powers;none
aer;Christopher Blattman;none
aer;Christopher C Afendulis;none
aer;Christopher Gust;none
aer;Christopher L Culp;none
aer;Christopher Roth;none
aer;Christopher Sleet;none
aer;Christopher T Taylor;none
aer;Christopher Timmins;none
aer;Claire S H Lim;none
aer;Clare Leaver;none
aer;Claudio Lucarelli;none
aer;Colin F Camerer;none
aer;Collin Raymond;none
aer;Coren L Apicella;none
aer;Craig Garthwaite;none
aer;Crystal S Yang;none
aer;Dale J Menkhaus;none
aer;Dale W Jorgenson;none
aer;Dan Ariely;none
aer;Dan Knoepfle;none
aer;Dan Kopf;none
aer;Dan M Levy;none
aer;Dana Foarta;none
aer;Dana W Placzek;none
aer;Daniel A Hagen;none
aer;Daniel B Magleby;none
aer;Daniel Barron;none
aer;Daniel Berger;none
aer;Daniel Diermeier;none
aer;Daniel J Vine;none
aer;Daniel Keniston;none
aer;Daniel Markovits;none
aer;Daniel Muller;none
aer;Daniel P Kessler;none
aer;Daniel Paravisini;none
aer;Daniel S Nagin;none
aer;Daniel Yi Xu;none
aer;Daria Taglioni;none
aer;Dario Focarelli;none
aer;Dave Donaldson;none
aer;David A Matsa;none
aer;David Besanko;none
aer;David Dillenberger;none
aer;David G Rand;none
aer;David Hemenway;none
aer;David L Carr;none
aer;David Lopez Salido;none
aer;David M Drukker;none
aer;David P Baron;none
aer;David P Byrne;none
aer;David Popp;none
aer;David Powell;none
aer;David S Johnson;none
aer;David Seim;none
aer;David Y Yang;none
aer;Dean M Maki;none
aer;Deborah F Minehart;none
aer;Decio Coviello;none
aer;Dennis D Kimko;none
aer;Derek Leslie;none
aer;Derek Neal;none
aer;Devin G Pope;none
aer;Diana L Moss;none
aer;Diane Whitmore Schanzenbach;none
aer;Diego Rybski;none
aer;Dina Mayzlin;none
aer;Doh Shin Jeon;none
aer;Donald B Rubin;none
aer;Donald H Taylor;none
aer;Dou Yan Yang;none
aer;Douglas O Staiger;none
aer;Douglas Rivers;none
aer;Duncan James;none
aer;E Elisabet Rutstrom;none
aer;E Glen Weyl;none
aer;E Jane Costello;none
aer;E Ray Dorsey;none
aer;E Woodrow Eckard;none
aer;Ebonya Washington;none
aer;Edoardo Teso;none
aer;Edoh Y Amiran;none
aer;Edward Kung;none
aer;Edward Morrison;none
aer;Edwin G West;none
aer;Elena Krasnokutskaya;none
aer;Elena Ranguelova;none
aer;Elena Reutskaja;none
aer;Eleonora E M Nillesen;none
aer;Eli Feinerman;none
aer;Eliana Garces;none
aer;Elisheba Spiller;none
aer;Elliot Anenberg;none
aer;Emanuel Vespa;none
aer;Emily Jungheim;none
aer;Emir Kamenica;none
aer;Enrique Ide;none
aer;Enrique Seira;none
aer;Eran Hanany;none
aer;Eran Shmaya;none
aer;Eric Budish;none
aer;Eric Hughson;none
aer;Eric S Taylor;none
aer;Eric Zwick;none
aer;Erica Field;none
aer;Erik Bloom;none
aer;Erik Brynjolfsson;none
aer;Erik Eyster;none
aer;Erik Madsen;none
aer;Erik Snowberg;none
aer;Ernst Maug;none
aer;Esther Ann Boler;none
aer;Ethan G Lewis;none
aer;Ethan Ilzetzki;none
aer;Ethan M J Lieber;none
aer;Eugene F Fama;none
aer;Eva de Francisco;none
aer;Evan J Taylor;none
aer;Evan Moore;none
aer;Eyran J Gisches;none
aer;F Maxwell Harper;none
aer;Fabio Maccheroni;none
aer;Fabio Panetta;none
aer;Faruk Gul;none
aer;Fausto Panunzi;none
aer;Felix Oberholzer Gee;none
aer;Feng Zhu;none
aer;Ferdinand M Vieider;none
aer;Fernanda Brollo;none
aer;Fernando Alvarez;none
aer;Fiona Greig;none
aer;Fiona Scott Morton;none
aer;Florian Herold;none
aer;Florian Hoffmann;none
aer;Florian Zettelmeyer;none
aer;Fran ois Fontaine;none
aer;France Portrait;none
aer;Francesco Feri;none
aer;Francesco Nava;none
aer;Francis de Vericourt;none
aer;Francisco Perez Gonzalez;none
aer;Francois Ortalo Magne;none
aer;Frank A Wolak;none
aer;Franklin Qian;none
aer;Fuhito Kojima;none
aer;Gabriel Carroll;none
aer;Gabriel Ulyssea;none
aer;Gabriel Zucman;none
aer;Gabrielle Fack;none
aer;Gary Biglaiser;none
aer;Gary D Libecap;none
aer;Gautam Gowrisankaran;none
aer;Gautam Rao;none
aer;Gee Hee Hong;none
aer;George P Baker;none
aer;George Zanjani;none
aer;Georgy Egorov;none
aer;Gerald E Auten;none
aer;Gerard Padro i Miquel;none
aer;Greg Kaplan;none
aer;Greg Shaffer;none
aer;Gregor Matvos;none
aer;Gregory J Martin;none
aer;Guangrong Ma;none
aer;Guido Ascari;none
aer;Guillaume R Frechette;none
aer;Guillaume R Frochette;none
aer;Guillaume Rocheteau;none
aer;Guillermo Ordo ez;none
aer;Guillermo Zamarripa;none
aer;Gunter J Hitsch;none
aer;Guo Li;none
aer;Guo Xu;none
aer;Gustavo Ventura;none
aer;H D Vinod;none
aer;H lya Eraslan;none
aer;H Naci Mocan;none
aer;H Spencer Banzhaf;none
aer;Haelim Anderson;none
aer;Haluk Ergin;none
aer;Han Bleichrodt;none
aer;Hannah M Postel;none
aer;Hans K Hvide;none
aer;Hans Peter Gruner;none
aer;Harald Kunemund;none
aer;Harish Krishnan;none
aer;Harold Cole;none
aer;Heather Antecol;none
aer;Hedibert F Lopes;none
aer;Heikki Rantakari;none
aer;Helga Fehr Duda;none
aer;Henrik Jacobsen Kleven;none
aer;Henry S Farber;none
aer;Hernan A Makse;none
aer;Hernan D Rozenfeld;none
aer;Hiroki Nishimura;none
aer;Holger M Mueller;none
aer;Holger Sieg;none
aer;Hongfei Sun;none
aer;Hongru Tan;none
aer;Hope Corman;none
aer;Howard Reed;none
aer;Huan Xie;none
aer;Hugo A Hopenhayn;none
aer;Huiyu Li;none
aer;Hunt Allcott;none
aer;Huseyin Yildirim;none
aer;Hyeok Jeong;none
aer;Ian Dew Becker;none
aer;Ian L Gale;none
aer;Ian W H Parry;none
aer;Iddo Kan;none
aer;Igal Hendel;none
aer;Ignacio Ortuno Ortin;none
aer;Igor Popov;none
aer;Ilan Guttman;none
aer;Ilan Kremer;none
aer;Ilia D Dichev;none
aer;Ilya Segal;none
aer;Ilyana Kuziemko;none
aer;In Koo Cho;none
aer;Inga Deimen;none
aer;Ira Shoulson;none
aer;Isaac M Opper;none
aer;Isabelle Bajeux Besnainou;none
aer;Isaiah Andrews;none
aer;Itay Goldstein;none
aer;Iuliana Pascu;none
aer;J Aislinn Bohren;none
aer;J Mark Ramseyer;none
aer;J Michael Pinegar;none
aer;J r me Adda;none
aer;JA n Steinsson;none
aer;JA zsef SAkovics;none
aer;Jack Willis;none
aer;Jacob Goldin;none
aer;Jacque Eccles;none
aer;Jae Sim;none
aer;Jaehoon Kim;none
aer;Jagadeesh Gokhale;none
aer;Jakub Kastl;none
aer;Jakub W Jurek;none
aer;James A Schmitz Jr;none
aer;James D Hamilton;none
aer;James D Long;none
aer;James H Fowler;none
aer;James Mahon;none
aer;James Tybout;none
aer;James V Jordan;none
aer;James W Roberts;none
aer;Jan C van Ours;none
aer;Jan De Loecker;none
aer;Jan Engelmann;none
aer;Jason Abaluck;none
aer;Jason Brown;none
aer;Jason D Hartline;none
aer;Jason Long;none
aer;Jason Scorse;none
aer;Jean Francois Houde;none
aer;Jean Laurent Rosenthal;none
aer;Jean Lee;none
aer;Jean Pierre H Dube;none
aer;Jee Hyeong Park;none
aer;Jeffrey B Liebman;none
aer;Jeffrey C Ely;none
aer;Jeffrey D Kubik;none
aer;Jeffrey L Furman;none
aer;Jeffrey Roth;none
aer;Jeffrey S Rosenthal;none
aer;Jeffrey Zwiebel;none
aer;Jens Iversen;none
aer;Jens Ludwig;none
aer;Jeremy Bulow;none
aer;Jeremy Rudd;none
aer;Jesper Bagger;none
aer;Jesse Gregory;none
aer;Jesse Schreger;none
aer;Jessica Calfee Stahl;none
aer;Jessica Cohen;none
aer;Jialin Yu;none
aer;Jianfeng Yu;none
aer;Jiawei Chen;none
aer;Jimmy Chan;none
aer;Jin Li;none
aer;Jinwoo Kim;none
aer;Joan Y Moriarty;none
aer;Joana Naritomi;none
aer;Joanne W Hsu;none
aer;Jochen Streb;none
aer;Joe Kerkvliet;none
aer;Johan Sulaeman;none
aer;Johanne Boisjoly;none
aer;Johannes Beutel;none
aer;Johannes F Wieland;none
aer;Johannes Haushofer;none
aer;Johannes Spinnewijn;none
aer;John Burghardt;none
aer;John C Brown;none
aer;John C Ham;none
aer;John Conlisk;none
aer;John Driffill;none
aer;John Gathergood;none
aer;John Geanakoplos;none
aer;John H Tyler;none
aer;John Ifcher;none
aer;John Papp;none
aer;John Schirm;none
aer;John Shepard Wiley;none
aer;John Simpson;none
aer;John Sutton;none
aer;John William Hatfield;none
aer;Jonah E Rockoff;none
aer;Jonas Hjort;none
aer;Jonas Kolsrud;none
aer;Jonas Poulsen;none
aer;Jonathan D Ketcham;none
aer;Jonathan de Quidt;none
aer;Jonathan G James;none
aer;Jonathan Gruber;none
aer;Jonathan H Wright;none
aer;Jonathan I Dingel;none
aer;Jonathan Leonard;none
aer;Jonathan T Kolstad;none
aer;Jordi Blanes i Vidal;none
aer;Jordi Gal;none
aer;Jordi Gali;none
aer;Jorge Silva Risso;none
aer;JosA VActor RAos Rull;none
aer;Jose C Pernias;none
aer;Jose G Montalvo;none
aer;Jose V Rodriguez Mora;none
aer;Jose Wynne;none
aer;Joseph Chen;none
aer;Joseph E Harrington;none
aer;Joseph Felter;none
aer;Joseph Ferrie;none
aer;Joseph G Altonji;none
aer;Joseph J Doyle Jr;none
aer;Joseph Konstan;none
aer;Joseph M Prince;none
aer;Joseph R Mason;none
aer;Joseph Song;none
aer;Joshua Blumenstock;none
aer;Joshua D Coval;none
aer;Joshua M Pollet;none
aer;Joyce Manchester;none
aer;Jozef Konings;none
aer;Juan A Lacomba;none
aer;Juan Carlos Hatchondo;none
aer;Juan Pantano;none
aer;Juanjuan Meng;none
aer;Judd B Kessler;none
aer;Judith L Goldstein;none
aer;Judson Boomhower;none
aer;Jue Ren;none
aer;Julia Tobias;none
aer;Julian C Jamison;none
aer;Julie Agnew;none
aer;Julien Gagnon;none
aer;Julien Labonne;none
aer;Jun Koo Kang;none
aer;Jurgen Huber;none
aer;Justin Ho;none
aer;Justin McCrary;none
aer;Justin P Johnson;none
aer;Justin R Sydnor;none
aer;Kamila Sommer;none
aer;Karen E Dynan;none
aer;Katharine Coman;none
aer;Katherine Casey;none
aer;Katherine Coffman;none
aer;Katherine Ho;none
aer;Kathryn E Spier;none
aer;Kathryn Zeiler;none
aer;Katja Seim;none
aer;Katrina Jessoe;none
aer;Katrine Vellesen L ken;none
aer;Kei Tsutsui;none
aer;Kenneth I Wolpin;none
aer;Kenneth W Shotts;none
aer;Kent Smetters;none
aer;Keong T Woo;none
aer;Kermit Daniel;none
aer;Kerwin Kofi Charles;none
aer;Kevin C Murdock;none
aer;Kira R Fabrizio;none
aer;Koleman S Strumpf;none
aer;Konrad Mierendorff;none
aer;Konstantin Milbradt;none
aer;Kory Kroft;none
aer;kos Valentinyi;none
aer;Kota Saito;none
aer;Kyle C Meng;none
aer;Kyle Emerick;none
aer;Kyle Jurado;none
aer;L Kamran Bilir;none
aer;Lakshmi Krishnan;none
aer;Larry Samuelson;none
aer;Larry Selden;none
aer;Lars A Lochstoer;none
aer;Lars Alexander Kuehn;none
aer;Lars Hendrik Roller;none
aer;Laura Chadwick;none
aer;Laura Lasio;none
aer;Laura Puccio;none
aer;Laurence Ales;none
aer;Laurie Weingart;none
aer;Lawrence H Goulder;none
aer;Lawrence M Ausubel;none
aer;Lee G Branstetter;none
aer;Leeat Yariv;none
aer;Leemore S Dafny;none
aer;Lena Hensvik;none
aer;Leon Yang Chu;none
aer;Leonard Wantchekon;none
aer;Leslie A Martin;none
aer;Li Wenli;none
aer;Li Yang;none
aer;Liana Jacobi;none
aer;Linda Babcock;none
aer;Lindsay Fox;none
aer;Lindsay M King;none
aer;Ling Huang;none
aer;Liran Einav;none
aer;Lisa J Cameron;none
aer;Loren Brandt;none
aer;Lorenzo Casaburi;none
aer;Louis Phaneuf;none
aer;Lowell J Taylor;none
aer;Luciano Pomatto;none
aer;Lucy White;none
aer;Luhang Wang;none
aer;Luis R Camara Fuertes;none
aer;Luis Rayo;none
aer;LuisM Viceira;none
aer;Lukas Kremens;none
aer;Lukas Schmid;none
aer;Lukasz A Drozd;none
aer;Luke N Condra;none
aer;Lynn F Cherkas;none
aer;M Ayhan Kose;none
aer;M Christopher Roebuck;none
aer;M Kate Bundorf;none
aer;M Keith Chen;none
aer;M Utku Unver;none
aer;Maarten Goos;none
aer;Mallesh M Pai;none
aer;Mana Komai;none
aer;Manasi Deshpande;none
aer;Manfredi M A La Manna;none
aer;Manju Puri;none
aer;Manzoor H Dar;none
aer;Mara Lederman;none
aer;Marc D Weidenmier;none
aer;Marc Rysman;none
aer;Marcin P ski;none
aer;Marco Bassetto;none
aer;Marco Bianchi;none
aer;Marco Cagetti;none
aer;Marco Di Maggio;none
aer;Marek Pycia;none
aer;Margaret M McConnell;none
aer;Margaret Sheridan;none
aer;Maria Marta Ferreyra;none
aer;Mariana Garcia Schmidt;none
aer;Mariann Ollar;none
aer;Mariano Sigman;none
aer;Mariko Sakakibara;none
aer;Marissa Beck;none
aer;Marjorie Flavin;none
aer;Mark E Votruba;none
aer;Mark Egan;none
aer;Mark Fey;none
aer;Mark Israel;none
aer;Mark J McCabe;none
aer;Mark Ottoni Wilhelm;none
aer;Mark Paddrik;none
aer;Mark R Cullen;none
aer;Mark R Jacobsen;none
aer;Mark Schankerman;none
aer;Mark Shepard;none
aer;Mark Stegeman;none
aer;Mark Walker;none
aer;Marta Reynal Querol;none
aer;Martijn J van den Assem;none
aer;Martin D Amours;none
aer;Martin Dufwenberg;none
aer;Martin Rotemberg;none
aer;Marzena Rostek;none
aer;Masanori Hashimoto;none
aer;Massimiliano De Santis;none
aer;Massimo Rostagno;none
aer;Matias Iaryczower;none
aer;Matthew E Smith;none
aer;Matthew Elliott;none
aer;Matthew Neidell;none
aer;Matthew Osborne;none
aer;Matthias Heinz;none
aer;Maurice E Lucas;none
aer;Maurice E Schweitzer;none
aer;Max Croce;none
aer;Maxim Troshkin;none
aer;Maxwell B Stinchcombe;none
aer;Maya Eden;none
aer;Maya Rossin Slater;none
aer;Megha Patnaik;none
aer;Meghan Busse;none
aer;Melissa Dell;none
aer;Melissa Tartari;none
aer;Melonie B Williams;none
aer;Meredith Fowlie;none
aer;Mi Luo;none
aer;Michael Brandt;none
aer;Michael C Yates;none
aer;Michael Dinerstein;none
aer;Michael Faye;none
aer;Michael Frakes;none
aer;Michael Hout;none
aer;Michael I Norton;none
aer;Michael Johannes;none
aer;Michael Kremer;none
aer;Michael M Ting;none
aer;Michael Naef;none
aer;Michael Rosenberg;none
aer;Michael Schwarz;none
aer;Michael Sinkinson;none
aer;Michael Spence;none
aer;Michael Spezio;none
aer;Michael Tomz;none
aer;Michal Kolesar;none
aer;Michel Benaim;none
aer;Michela Giorcelli;none
aer;Michele Piccione;none
aer;Michelle J White;none
aer;Mikl s Koren;none
aer;Mirabelle Mu ls;none
aer;Miriam Krueger;none
aer;Mitch Kunce;none
aer;Mo Xiao;none
aer;Mohamad L Hammour;none
aer;Mohammad Isaqzadeh;none
aer;Mohammad Nazmul Hassan;none
aer;Monika Mrazova;none
aer;Morten I Lau;none
aer;Moshe Hoffman;none
aer;Myrto Kalouptsidi;none
aer;Nabil Al Najjar;none
aer;Nancy Nicosia;none
aer;Naoki Aizawa;none
aer;Naomi E Feldman;none
aer;Natalia Ramondo;none
aer;Natalia Rigol;none
aer;Nathan H Miller;none
aer;Nathaniel Hendren;none
aer;Nava Ashraf;none
aer;Neale Mahoney;none
aer;Neel Sundaresan;none
aer;Neil Bhutta;none
aer;Neil Stewart;none
aer;Neviana Petkova;none
aer;Nicholas A Christakis;none
aer;Nicholas Barberis;none
aer;Nicholas M Kreisle;none
aer;Nichole Szembrot;none
aer;Nick Arnosti;none
aer;Nico A Hansen;none
aer;Nico Voigtl nder;none
aer;Nicola Pavanini;none
aer;Nicolae GArleanu;none
aer;Nicolas Coeurdacier;none
aer;Nicolas de Roos;none
aer;Nicolas Figueroa;none
aer;Nicolas Petrosky Nadeau;none
aer;Nicole Maestas;none
aer;Niko Matouschek;none
aer;Nikolay Zubanov;none
aer;Nina Boyarchenko;none
aer;Nittai K Bergman;none
aer;Nobuhiro Kiyotaki;none
aer;Nolan H Miller;none
aer;Noriaki Okamoto;none
aer;Oleksandr Shcherbakov;none
aer;Olivier De Groote;none
aer;Olivier de La Grandville;none
aer;Olivier DeschAanes;none
aer;Orhan Ayg n;none
aer;Orie Shelef;none
aer;Orit Tykocinski;none
aer;Oved Yosha;none
aer;Owen R Phillips;none
aer;Ozlem Bedre Defolie;none
aer;P A Chiappori;none
aer;Pablo Guerron Quintana;none
aer;Pablo Kurlat;none
aer;Panagiotis T Konstantinou;none
aer;Panle Gia;none
aer;Paolo Dudine;none
aer;Partha Dasgupta;none
aer;Pascal Noel;none
aer;Patricia B Reagan;none
aer;Patrick Bajari;none
aer;Patrick J Conway;none
aer;Patrick Johnston;none
aer;Paul Fischer;none
aer;Paul J Eliason;none
aer;Paul L E Grieco;none
aer;Paul Schrimpf;none
aer;Paulina Restrepo Echavarria;none
aer;Pedro Bordalo;none
aer;Pengfei Wang;none
aer;Peter Arcidiacono;none
aer;Peter Frykblom;none
aer;Peter Ganong;none
aer;Peter H Egger;none
aer;Peter Harasztosi;none
aer;Peter J Klenow;none
aer;Peter Katus ak;none
aer;Peter Klibanoff;none
aer;Peter Koudijs;none
aer;Peter Nilsson;none
aer;Peter Sorensen;none
aer;Peter Temin;none
aer;Peter Z Schochet;none
aer;Peter Zemsky;none
aer;Petr Duczynski;none
aer;Philip E Strahan;none
aer;Philip Howard;none
aer;Philipp Weinschenk;none
aer;Phillip C Stocken;none
aer;Phillip Lawler;none
aer;Pierre Azoulay;none
aer;Pierre Collin Dufresne;none
aer;Piet Eichholtz;none
aer;Pietro Veronesi;none
aer;Pok sang Lam;none
aer;Pol AntrA s;none
aer;Prashant Bharadwaj;none
aer;Priyanka Pandey;none
aer;Qi Liu;none
aer;Qiang Fu;none
aer;Qing Gong;none
aer;Qingmin Liu;none
aer;R A Somerville;none
aer;R diger Bachmann;none
aer;R Preston McAfee;none
aer;R Robert Russell;none
aer;Rafael Dix Carneiro;none
aer;Rafael Wouters;none
aer;Rainer Klump;none
aer;Rajiv Sarin;none
aer;Rajkamal Iyer;none
aer;Rajna Gibson;none
aer;Rajshri Jayaraman;none
aer;Rakesh Vohra;none
aer;Raman Uppal;none
aer;Ran Abramitzky;none
aer;Randall Akee;none
aer;Randall D Cebul;none
aer;Raphael Schoenle;none
aer;Raquel Fernandez;none
aer;Rasmus J rgensen;none
aer;Ray Rees;none
aer;Raymond Kluender;none
aer;Rebecca Dizon Ross;none
aer;Reka Juhasz;none
aer;Renzo Massari;none
aer;Reshmaan N Hussam;none
aer;Ric Colacito;none
aer;Richard Engelbrecht Wiggans;none
aer;Rick Geddes;none
aer;Robert A Miller;none
aer;Robert E Wright;none
aer;Robert Engle;none
aer;Robert Jensen;none
aer;Robert Koopman;none
aer;Robert Kurzban;none
aer;Robert S Chirinko;none
aer;Roberto Motto;none
aer;Roberto Venturini;none
aer;Roc Armenter;none
aer;Rodrigo Adao;none
aer;Rohan Pitchford;none
aer;Roland G Fryer Jr;none
aer;Roland Portait;none
aer;Romain Ranciere;none
aer;Ron Jarmin;none
aer;Ron Shachar;none
aer;Ronald I Miller;none
aer;Ronald W Michener;none
aer;Ronny Razin;none
aer;Roy Chen;none
aer;Ruben Durante;none
aer;Rui R Zhao;none
aer;Rupert Harrison;none
aer;Russ Wermers;none
aer;S Brock Blomberg;none
aer;S Nageeb Ali;none
aer;Sabrina T Howell;none
aer;Sahil Raina;none
aer;Sally E Sadoff;none
aer;Samuel Lundstrom;none
aer;Sara J Solnick;none
aer;Saul Pleeter;none
aer;Scott Fay;none
aer;Scott Schaefer;none
aer;Scott Stern;none
aer;Scott Weisbenner;none
aer;Sean Crockett;none
aer;Sebastian Di Tella;none
aer;Sebastian Ebert;none
aer;Sebastian Kr gel;none
aer;Semyon Malamud;none
aer;Sergey Nigai;none
aer;Seth G Sanders;none
aer;Seth Seabury;none
aer;Seung Weon Yoo;none
aer;Seunghoon Na;none
aer;Shachar Kariv;none
aer;Shamena Anwar;none
aer;Shanker Satyanath;none
aer;Sharon Belenzon;none
aer;Sharon Maccini;none
aer;Sheena McConnell;none
aer;Shelby Gerking;none
aer;Shigeru Fujita;none
aer;Shimon Kogan;none
aer;Shinobu Nakagawa;none
aer;Shiv Saini;none
aer;Shlomo Benartzi;none
aer;Shoumitro Chatterjee;none
aer;Shubham Chaudhuri;none
aer;Sibylle Lehmann Hasemeyer;none
aer;Silvia Ardagna;none
aer;Simon Freyaldenhoven;none
aer;Simone Galperti;none
aer;Sokbae Lee;none
aer;Stavros Panageas;none
aer;Stefan Krasa;none
aer;Stefano Demichelis;none
aer;Stefano G Athanasoulis;none
aer;Stefano Lovo;none
aer;Stephan Seiler;none
aer;Stephane Guibaud;none
aer;Stephanie E Curcuru;none
aer;Stephanie Houghton;none
aer;Stephen Ansolabehere;none
aer;Stephen E Haynes;none
aer;Stephen Weinberg;none
aer;Steven A Morrison;none
aer;Steven Ho;none
aer;Steven R Grenadier;none
aer;Steven Raphael;none
aer;Steven T Anderson;none
aer;Steven Weinberg;none
aer;Stijn Ferrari;none
aer;Subodh Kumar;none
aer;Subramaniam Ramanarayanan;none
aer;Supreet Kaur;none
aer;Surendrakumar Bagde;none
aer;Suresh Naidu;none
aer;Susan E Feinberg;none
aer;Susan E Woodward;none
aer;Susanna Loeb;none
aer;Susanne Ohlendorf;none
aer;Sven Bouman;none
aer;Swati Dhingra;none
aer;T Renee Bowen;none
aer;Tahir Andrabi;none
aer;Takashi Yamashita;none
aer;Tano Santos;none
aer;Tarek Ghani;none
aer;Tarik Umar;none
aer;Tasneem Chipty;none
aer;Tavneet Suri;none
aer;Tayfun S nmez;none
aer;Terry E Daniel;none
aer;Tetsuji Okazaki;none
aer;Thais Lrkholm Jensen;none
aer;Thanh Nguyen;none
aer;Theodore C Bergstrom;none
aer;Thierry Post;none
aer;Thomas Eichner;none
aer;Thomas Fujiwara;none
aer;Thomas G McGuire;none
aer;Thomas G Wollmann;none
aer;Thomas Hertz;none
aer;Thomas J Kane;none
aer;Thomas M Mertens;none
aer;Thomas M Stoker;none
aer;Thomas N Hubbard;none
aer;Thomas Sampson;none
aer;Thomas Stockl;none
aer;Thomas Vischer;none
aer;Tim D Spector;none
aer;Tim Erickson;none
aer;Tim Landvoigt;none
aer;Tim McQuade;none
aer;Timothy Feddersen;none
aer;Timothy R Berry;none
aer;Timothy Simcoe;none
aer;Tingjun Liu;none
aer;Tobias J Moskowitz;none
aer;Tobias Salz;none
aer;Todd B Walker;none
aer;Todd Rogers;none
aer;Tom Nicholas;none
aer;Tom Tyler;none
aer;Tom Vogl;none
aer;Tomas Rodriguez Barraquer;none
aer;Tomasz Piskorski;none
aer;Tommaso Monacelli;none
aer;Tomomi Tanaka;none
aer;Tomoyuki Nakajima;none
aer;Toshiaki Iizuka;none
aer;Tri Vi Dang;none
aer;Tse Chun Lin;none
aer;Tuomo Vuolteenaho;none
aer;Tymofiy Mylovanov;none
aer;Uday Rajan;none
aer;Ulf S derstr m;none
aer;Ulrich Doraszelski;none
aer;V V Chari;none
aer;Veronica Guerrieri;none
aer;Vikrant Vig;none
aer;Vince Wiggins;none
aer;Vincent Sterk;none
aer;Vincent Yao;none
aer;Vincenzo Denicol;none
aer;Virgiliu Midrigan;none
aer;Vivian Lei;none
aer;Vivian Yue;none
aer;Vladimir Asriyan;none
aer;W Michael Hanemann;none
aer;Wallace P Mullin;none
aer;Wei Jiang;none
aer;Wei Li;none
aer;Weijie Zhong;none
aer;Wenlan Qian;none
aer;Wieland M ller;none
aer;Will Dobbie;none
aer;William Adams;none
aer;William Copeland;none
aer;William E Morgan;none
aer;William J Wilhelm Jr;none
aer;William Jack;none
aer;William P Rogerson;none
aer;William Robert Nelson;none
aer;William T Dickens;none
aer;William Woolston;none
aer;Wojciech Olszewski;none
aer;Won Chang;none
aer;Wouter J Den Haan;none
aer;Xavier Giroud;none
aer;Xavier Jaravel;none
aer;Xiaodong Zhu;none
aer;Xiaoquan Michael Zhang;none
aer;Xu Tan;none
aer;Yanhui Wu;none
aer;Yaniv Dover;none
aer;Yann Bramoull;none
aer;Yaron Lahav;none
aer;Yaroslav Kryukov;none
aer;Yifan Zhang;none
aer;Yihong Xia;none
aer;Yingni Guo;none
aer;Yoella Bereby Meyer;none
aer;Yong Kim;none
aer;Yoshihiro Yoshida;none
aer;Yoshio Nozawa;none
aer;You Suk Kim;none
aer;Young Han Lee;none
aer;Yu Gao;none
aer;Yu Xie;none
aer;Yue Pan;none
aer;Yuichiro Kamada;none
aer;Yuliy Sannikov;none
aer;Yusuf Neggers;none
aer;Yuval Rottenstreich;none
aer;Yuval Salant;none
aer;Yuya Takahashi;none
aer;yvind Thomassen;none
aer;Zeno Rotondi;none
aer;Zhangkai Huang;none
aer;Zhenxing Huang;none
aer;Zhouxiang Shen;none
aer;Zoran Ivkovic;none
econometrica;A Belloni;none
econometrica;A M Robert Taylor;none
econometrica;A Pakes;none
econometrica;Adam Brandenburger;none
econometrica;Alejandro Jofre;none
econometrica;Alessandro Citanna;none
econometrica;Alex A Himonas;none
econometrica;Alexander Klein;none
econometrica;Ali Hortacsu;none
econometrica;Alp Simsek;none
econometrica;Alvaro Sandroni;none
econometrica;Amil Petrin;none
econometrica;Amit Gandhi;none
econometrica;Ana Cecilia Fieler;none
econometrica;Anderlini Luca;none
econometrica;Anders Rygh Swensen;none
econometrica;Andrew V Carter;none
econometrica;Angel Serrat;none
econometrica;Anna Bogomolnaia;none
econometrica;Anna Mikusheva;none
econometrica;Anne P Villamil;none
econometrica;Antonio Rangel;none
econometrica;Antoon van den Elzen;none
econometrica;Armando Gomes;none
econometrica;Asuman Ozdaglar;none
econometrica;Attila Ambrus;none
econometrica;Aviad Heifetz;none
econometrica;Avinatan Hassidim;none
econometrica;Balazs Szentes;none
econometrica;Battalio Raymond;none
econometrica;Ben Polak;none
econometrica;Benjamin Van Roy;none
econometrica;Bergin James;none
econometrica;Berliant Marcus;none
econometrica;Bernhard Rauch;none
econometrica;Bester Helmut;none
econometrica;Bilge Y inodot lmaz;none
econometrica;Bin Chen;none
econometrica;Birgit Heydenreich;none
econometrica;Bo E Honore;none
econometrica;Brendan Daley;none
econometrica;Brett Green;none
econometrica;Brian A Jacob;none
econometrica;Broseta Bruno;none
econometrica;Buhong Zheng;none
econometrica;Burdzy Krzysztof;none
econometrica;C Gourieroux;none
econometrica;C Lanier Benkard;none
econometrica;Carlos Rodriguez Palmero;none
econometrica;Charalambos D Aliprantis;none
econometrica;CheLin Su;none
econometrica;Chew Soo Hong;none
econometrica;Chib Siddhartha;none
econometrica;Christopher Timmins;none
econometrica;Cochrane John H;none
econometrica;Costa Gomes Miguel;none
econometrica;Daniel Diermeier;none
econometrica;Daniel Quint;none
econometrica;David Besanko;none
econometrica;David Dillenberger;none
econometrica;David Pearce;none
econometrica;David S Ahn;none
econometrica;Dean Corbae;none
econometrica;Demian Pouzo;none
econometrica;Dilip Abreu;none
econometrica;Dimitris N Politis;none
econometrica;Donald B Rubin;none
econometrica;Dov Monderer;none
econometrica;Duncan James;none
econometrica;Dutta Bhaskar;none
econometrica;E Elisabet Rutstrom;none
econometrica;E Mammen;none
econometrica;E Renault;none
econometrica;E Trubowitz;none
econometrica;Econometric Society;none
econometrica;Editors;none
econometrica;Edlin Aaron S;none
econometrica;Eduardo Faingold;none
econometrica;Eduardo PerezRichet;none
econometrica;Efstathios Paparoditis;none
econometrica;Ekaterini Kyriazidou;none
econometrica;Elerain Ola;none
econometrica;Ennio Stacchetti;none
econometrica;Eric Chaney;none
econometrica;Erickson Timothy;none
econometrica;Erik Eyster;none
econometrica;Eugenio S A Bobenrieth H;none
econometrica;Federico M Bandi;none
econometrica;Felli Leonardo;none
econometrica;Filippo Massari;none
econometrica;Frankel David M;none
econometrica;Fuhito Kojima;none
econometrica;Fushing Hsieh;none
econometrica;Gabriel Carroll;none
econometrica;Gabriel Y Weintraub;none
econometrica;Gary Chamberlain;none
econometrica;Gautam Gowrisankaran;none
econometrica;Gene M Grossman;none
econometrica;Georgy Egorov;none
econometrica;Gil Kalai;none
econometrica;Godfrey Keller;none
econometrica;Greg Fischer;none
econometrica;Gustavo Manso;none
econometrica;Gustavo Soares;none
econometrica;H Jerome Keisler;none
econometrica;H Wozniakowski;none
econometrica;Haluk I Ergin;none
econometrica;Hamilton James D;none
econometrica;Hans Haller;none
econometrica;Harris Christopher;none
econometrica;Helga Fehr Duda;none
econometrica;Henrik Jacobsen Kleven;none
econometrica;Hermalin Benjamin E;none
econometrica;Hildegard Dierker;none
econometrica;Holger Sieg;none
econometrica;Huddart Steven;none
econometrica;Hughes John S;none
econometrica;Hyungtaik Ahn;none
econometrica;I Ekeland;none
econometrica;Ian A Crawford;none
econometrica;Ian King;none
econometrica;Idione Meneghel;none
econometrica;Igal Hendel;none
econometrica;Igor Kopylov;none
econometrica;Ilan Kremer;none
econometrica;Ilya Molchanov;none
econometrica;Ilya Segal;none
econometrica;Ingrid Van Keilegom;none
econometrica;Isabelle Perrigne;none
econometrica;Itai Ashlagi;none
econometrica;Ivan FernandezVal;none
econometrica;Ivan Vidangos;none
econometrica;Ivn Fernndez Val;none
econometrica;J F Traub;none
econometrica;J Hualde;none
econometrica;J Hugonnier;none
econometrica;J P Florens;none
econometrica;J Rust;none
econometrica;Jack R Porter;none
econometrica;Jacob S Sagi;none
econometrica;James Conklin;none
econometrica;James L Powell;none
econometrica;James M Robins;none
econometrica;Jan De Loecker;none
econometrica;Janice C Eberly;none
econometrica;Javier Alvarez;none
econometrica;Javier Hidalgo;none
econometrica;Jean Jacod;none
econometrica;JeanCharles Rochet;none
econometrica;JeanMarc Robin;none
econometrica;JeanMichel Zakoian;none
econometrica;JeanPierre Benoit;none
econometrica;JeanPierre Dube;none
econometrica;Jeremy T Fox;none
econometrica;Jia Li;none
econometrica;Jian Huang;none
econometrica;John Duggan;none
econometrica;John Geanakoplos;none
econometrica;John Miller;none
econometrica;Jose E Vila;none
econometrica;JosE S Penalva;none
econometrica;Joseph P Romano;none
econometrica;JoseVictor RiosRull;none
econometrica;Joungyeo Angela No;none
econometrica;Jrgen W Weibull;none
econometrica;Juan R A Bobenrieth H;none
econometrica;Juang Wei Torng;none
econometrica;Juuso Toikka;none
econometrica;Juuso Vlimki;none
econometrica;Kalyan Chatterjee;none
econometrica;Kamihigashi Takashi;none
econometrica;Kandori Michihiro;none
econometrica;Karim M Abadir;none
econometrica;Kehoe Timothy J;none
econometrica;Ken Burdett;none
econometrica;Kenneth I Wolpin;none
econometrica;Kirill Evdokimov;none
econometrica;Konrad Mierendorff;none
econometrica;Krishna Vijay;none
econometrica;Kyoungwon Seo;none
econometrica;Laibson David;none
econometrica;Lan Zhang;none
econometrica;Lance Fortnow;none
econometrica;Lando David;none
econometrica;Larry Samuelson;none
econometrica;Le Breton Michel;none
econometrica;Leeat Yariv;none
econometrica;Lehrer Ehud;none
econometrica;Lei Vivian;none
econometrica;Levine Carolyn B;none
econometrica;Liran Einav;none
econometrica;Lucy White;none
econometrica;Luis Rayo;none
econometrica;Maenner Eliot;none
econometrica;Marc Uetz;none
econometrica;Marek Pycia;none
econometrica;Maria Pia Victoria Feser;none
econometrica;Marion Oury;none
econometrica;Mark A Satterthwaite;none
econometrica;Mark Braverman;none
econometrica;Mark Jenkins;none
econometrica;Mark Schankerman;none
econometrica;Mark Stegeman;none
econometrica;Markus Krtzig;none
econometrica;Marten H Wegkamp;none
econometrica;Martin B Knudsen;none
econometrica;Martin Dufwenberg;none
econometrica;Marzena Rostek;none
econometrica;Masatoshi Tsumagari;none
econometrica;Matthew S Dey;none
econometrica;Matthias Hagmann;none
econometrica;McGuire Paul;none
econometrica;Melissa Dell;none
econometrica;Meng Yu Liang;none
econometrica;Michael Golosov;none
econometrica;Michael Kremer;none
econometrica;Michel BenaOm;none
econometrica;Michele Piccione;none
econometrica;Michelle Sovinsky Goeree;none
econometrica;Mohamed Taamouti;none
econometrica;Monica Brezzi;none
econometrica;Moritz MeyerterVehn;none
econometrica;Morten I Lau;none
econometrica;N Eugene Savin;none
econometrica;Nabil I Al Najjar;none
econometrica;Neil Wallace;none
econometrica;Nengjiu Ju;none
econometrica;Nese Yildiz;none
econometrica;Nicolae Garleanu;none
econometrica;Ning Sun;none
econometrica;Norbert Christopeit;none
econometrica;Noussair Charles N;none
econometrica;Nuno Cassola;none
econometrica;Ogaki Masao;none
econometrica;Oliver Board;none
econometrica;Orazio P Attanasio;none
econometrica;Osnat Lifshitz;none
econometrica;Ovidiu L Calin;none
econometrica;P A Chiappori;none
econometrica;P Collin Dufresne;none
econometrica;Page Frank H Jr;none
econometrica;Panle Jia;none
econometrica;Paolo Siconolfi;none
econometrica;Patrick Bajari;none
econometrica;Paul Labys;none
econometrica;Paul Schrimpf;none
econometrica;Paulo Barelli;none
econometrica;Paulo K Monteiro;none
econometrica;Pauzner Ady;none
econometrica;Per A Mykland;none
econometrica;Peter Bossaerts;none
econometrica;Peter Glynn;none
econometrica;Peter Hall;none
econometrica;Peter Klibanoff;none
econometrica;Peter Ockenfels;none
econometrica;Philip J Cross;none
econometrica;Philippe Soulier;none
econometrica;Philipson Tomas;none
econometrica;Qingmin Liu;none
econometrica;Qiwei Yao;none
econometrica;Quang Vuong;none
econometrica;R Goldstein;none
econometrica;R Guesnerie;none
econometrica;R Preston McAfee;none
econometrica;Rabee Tourky;none
econometrica;Raghabendra Chattopadhyay;none
econometrica;Rahul Savani;none
econometrica;Rajiv Sarin;none
econometrica;Rakesh V Vohra;none
econometrica;Raphael Godefroy;none
econometrica;Raymond Deneckere;none
econometrica;RenE Caldentey;none
econometrica;Robert A Miller;none
econometrica;Robert E Lucas;none
econometrica;Robert F Engle;none
econometrica;Robert J Vanderbei;none
econometrica;Robert M Anderson;none
econometrica;Robert P Sherman;none
econometrica;Robert Weber;none
econometrica;Roberto C Raimondo;none
econometrica;Rod Garratt;none
econometrica;Roger Koenker;none
econometrica;Ron Holzman;none
econometrica;Ron Lavi;none
econometrica;Ronny Razin;none
econometrica;S Darolles;none
econometrica;Sangmok Lee;none
econometrica;Sara Fisher Ellison;none
econometrica;Semih Koray;none
econometrica;Shmuel Baruch;none
econometrica;ShuChun Susan Yang;none
econometrica;Sokbae Lee;none
econometrica;Songnian Chen;none
econometrica;Spokoiny Vladimir G;none
econometrica;Sren Johansen;none
econometrica;Sren Pedersen;none
econometrica;Sren Tolver Jensen;none
econometrica;Srihari Govindan;none
econometrica;Stavros Panageas;none
econometrica;Stefan Krasa;none
econometrica;Stephen R Cosslett;none
econometrica;Steven R Williams;none
econometrica;Strausz Roland;none
econometrica;Surajit Ray;none
econometrica;Takuo Sugaya;none
econometrica;Tavneet Suri;none
econometrica;Taylor Alan M;none
econometrica;Thomas J Holmes;none
econometrica;Thomas J Rothenberg;none
econometrica;Thomas Jonathan P;none
econometrica;Thomas Romer;none
econometrica;Thomas Trger;none
econometrica;Thomas Troger;none
econometrica;Thorsten Hens;none
econometrica;Timothy C Salmon;none
econometrica;Tirole Jean;none
econometrica;Tobias B Switzer;none
econometrica;Todd Petra;none
econometrica;Tze Leung Lai;none
econometrica;Ui Takashi;none
econometrica;Ulf von LilienfeldToal;none
econometrica;Ulrich Doraszelski;none
econometrica;Ulrich K M ller;none
econometrica;Ulrich K Muller;none
econometrica;V V Chari;none
econometrica;Van der Klaauw Wilbert;none
econometrica;Van Huyck John;none
econometrica;Vanessa Teague;none
econometrica;Venkatesh Bala;none
econometrica;Viktor Todorov;none
econometrica;Viktor Winschel;none
econometrica;Wakker Peter P;none
econometrica;Werner Stanzl;none
econometrica;Woglom Geoffrey;none
econometrica;Xun Tang;none
econometrica;Y Fan;none
econometrica;Yaroslav Kryukov;none
econometrica;YeonKoo Che;none
econometrica;YiChun Chen;none
econometrica;Ying Chen;none
econometrica;Yoon Kiho;none
econometrica;Yossi Feinberg;none
econometrica;Yu Chen;none
econometrica;Yuichi Kitamura;none
econometrica;Yuichi Yamamoto;none
econometrica;Yuichiro Kamada;none
econometrica;Yuliy Sannikov;none
econometrica;Zengjing Chen;none
econometrica;Zhang Jiankang;none
econometrica;Zhang Qiang;none
econometrica;Zvi Safra;none
jpolec;Achyuta Adhvaryu;none
jpolec;Adam Isen;none
jpolec;Adam Meirowitz;none
jpolec;Akram Temimi;none
jpolec;Alan S Frankel;none
jpolec;Alan T Sorensen;none
jpolec;Aldo Rustichini;none
jpolec;Alejandro Justiniano;none
jpolec;Alex Frankel;none
jpolec;Alexander David;none
jpolec;Alexander Frankel;none
jpolec;Alexander Galetovic;none
jpolec;Alexander Westkamp;none
jpolec;Alfonso Irarrazabal;none
jpolec;Ali HortaAsu;none
jpolec;Ali Shourideh;none
jpolec;Allen R Sanderson;none
jpolec;Alon Brav;none
jpolec;Alwyn Young;none
jpolec;Amanda Pallais;none
jpolec;Amil Petrin;none
jpolec;Amir Yaron;none
jpolec;Ana Castaneda;none
jpolec;Anant Nyshadham;none
jpolec;Andis Sofianos;none
jpolec;Andrea Prat;none
jpolec;Andrea Tambalotti;none
jpolec;Andreas Herrmann;none
jpolec;Andrew D Foster;none
jpolec;Andrew Goodman Bacon;none
jpolec;Aner Sela;none
jpolec;Anil K Kashyap;none
jpolec;Anjini Kochar;none
jpolec;Anna Raute;none
jpolec;Anne Brockmeyer;none
jpolec;Anne P Villamil;none
jpolec;Annette Vissing Jorgensen;none
jpolec;Anonymous;none
jpolec;Anthony A Smith Jr;none
jpolec;Antoinette Schoar;none
jpolec;Antonio E Bernardo;none
jpolec;Anwen Zhang;none
jpolec;Ariel Zetlin Jones;none
jpolec;Armando Gomes;none
jpolec;Arnaud Philippe;none
jpolec;Arthur A Small;none
jpolec;Arthur Blouin;none
jpolec;Arvind Krishnamurthy;none
jpolec;Asaf Bernstein;none
jpolec;Assar Lindbeck;none
jpolec;Attila Ambrus;none
jpolec;Aurelie Ouss;none
jpolec;B Piedad Urdinola;none
jpolec;BalAzs Szentes;none
jpolec;Balazs Szentes;none
jpolec;Bart Smeulders;none
jpolec;BelAn Jerez;none
jpolec;Ben Gillen;none
jpolec;Benjamin B Lockwood;none
jpolec;Benjamin Faber;none
jpolec;Benjamin Golub;none
jpolec;Benjamin J Gillen;none
jpolec;Benjamin Lester;none
jpolec;Bhagwan Chowdhry;none
jpolec;Bilge Yilmaz;none
jpolec;Bradley T Shapiro;none
jpolec;Branko Uro;none
jpolec;Brendan O Flaherty;none
jpolec;Bruno L S FalcAo;none
jpolec;C Fritz Foley;none
jpolec;C Kirabo Jackson;none
jpolec;C Lanier Benkard;none
jpolec;Cabreales Antonio;none
jpolec;Calvo Armengol Antoni;none
jpolec;Canice Prendergast;none
jpolec;Caralee McLiesh;none
jpolec;Carl Wennerlind;none
jpolec;Chang Tai Hsieh;none
jpolec;Chao Fu;none
jpolec;Charles C Mann;none
jpolec;Charles G Nathanson;none
jpolec;Charles Vanasse;none
jpolec;Chenyu Yang;none
jpolec;Chiara Farronato;none
jpolec;Christian Lambertz;none
jpolec;Christian Roessler;none
jpolec;Christopher C Geczy;none
jpolec;Christopher J Palmer;none
jpolec;Christopher R Walters;none
jpolec;Christopher Taber;none
jpolec;Christos Ioannidis;none
jpolec;Chunlin Liu;none
jpolec;Claire S H Lim;none
jpolec;Clyde G Reed;none
jpolec;Coen N Teulings;none
jpolec;Cosmin Ilut;none
jpolec;Costis Skiadas;none
jpolec;Curtis Carlson;none
jpolec;D Marc Kilgour;none
jpolec;Daniel Gottlieb;none
jpolec;Daniel Kessler;none
jpolec;Dario Cestau;none
jpolec;Dave Donaldson;none
jpolec;David Austen Smith;none
jpolec;David C Chan;none
jpolec;David D Laitin;none
jpolec;David E Weinstein;none
jpolec;David H Hsu;none
jpolec;David K Musto;none
jpolec;David Krisztian Nagy;none
jpolec;David L Dicks;none
jpolec;David Lyle;none
jpolec;David Neumark;none
jpolec;David Schoenherr;none
jpolec;David Sims;none
jpolec;David Y Yang;none
jpolec;Dean Corbae;none
jpolec;Dean Karlan;none
jpolec;Dean Lueck;none
jpolec;Dean P Foster;none
jpolec;Dean R Lillard;none
jpolec;Debeare Peter;none
jpolec;Devin Pope;none
jpolec;Donald R Davis;none
jpolec;Dotan Persitz;none
jpolec;Douglas Almond;none
jpolec;Douglas O Staiger;none
jpolec;Duncan Sheppard Gilchrist;none
jpolec;E Glen Weyl;none
jpolec;Editors;none
jpolec;Eduardo Morales;none
jpolec;Edward L Glaeser;none
jpolec;Edward Vytlacil;none
jpolec;Elena Asparouhova;none
jpolec;Elena Pastorino;none
jpolec;Eleonora Patacchini;none
jpolec;Elisabeth M Landes;none
jpolec;Elisabeth R Gerber;none
jpolec;Emily Glassberg Sands;none
jpolec;Emir Kamenica;none
jpolec;Eran Shmaya;none
jpolec;Eric Avis;none
jpolec;Eric Budish;none
jpolec;Eric Engstrom;none
jpolec;Eric Hughson;none
jpolec;Eric Werker;none
jpolec;Erica Field;none
jpolec;Ernest Sergenti;none
jpolec;Ethan Bueno de Mesquita;none
jpolec;Eugene F Fama;none
jpolec;Eugenio Proto;none
jpolec;Felix Oberholzer Gee;none
jpolec;Flavio Cunha;none
jpolec;FranAois R Velde;none
jpolec;Francesco Squintani;none
jpolec;Frederico Belo;none
jpolec;Frederico Finan;none
jpolec;Frits C R Spieksma;none
jpolec;Gautam Gowrisankaran;none
jpolec;Georgy Egorov;none
jpolec;Gerard Hoberg;none
jpolec;Ghazala Azmat;none
jpolec;Giorgio E Primiceri;none
jpolec;Grant Miller;none
jpolec;Gregor Matvos;none
jpolec;Gregory M Ellis;none
jpolec;Gregory Veramendi;none
jpolec;Gunther Fink;none
jpolec;HAlA ne Rey;none
jpolec;Hannah Trachtman;none
jpolec;Hans Joachim Voth;none
jpolec;Harry Mamaysky;none
jpolec;Henrik Jacobsen Kleven;none
jpolec;Henry S Farber;none
jpolec;Hideo Owan;none
jpolec;Holger Sieg;none
jpolec;Howard F Chang;none
jpolec;Howard Rosenthal;none
jpolec;Hugo F Sonnenschein;none
jpolec;Hui Wang;none
jpolec;Igal Hendel;none
jpolec;Ilan Kremer;none
jpolec;Ilya Segal;none
jpolec;Ilyana Kuziemko;none
jpolec;In Utero;none
jpolec;Isabelle Perrigne;none
jpolec;Itai Ashlagi;none
jpolec;Itay Saporta Eksten;none
jpolec;Ivar Ekeland;none
jpolec;J Peter Nilsson;none
jpolec;Jack A Nickerson;none
jpolec;Jack Favilukis;none
jpolec;Jack Porter;none
jpolec;Jackson Matthew O;none
jpolec;Jacob D Leshno;none
jpolec;Jacob N Shapiro;none
jpolec;Jaewoo Ryoo;none
jpolec;Jaime F Zender;none
jpolec;James A Schmitz Jr;none
jpolec;James Andreoni;none
jpolec;James Fenske;none
jpolec;James Liang;none
jpolec;James M Snyder;none
jpolec;James S Schallheim;none
jpolec;Jan De Loecker;none
jpolec;Jane Cooley Fruehwirth;none
jpolec;Jason Alan Snyder;none
jpolec;Jean Francois Houde;none
jpolec;Jean Michel Benkert;none
jpolec;Jean Pierre H DubA;none
jpolec;Jeff Grogger;none
jpolec;Jeffrey B Lewis;none
jpolec;Jeffrey Ely;none
jpolec;Jennifer Brown;none
jpolec;Jeremy Bulow;none
jpolec;Jeremy T Fox;none
jpolec;Jesus Saa Requejo;none
jpolec;Jiang Wang;none
jpolec;Jihee Kim;none
jpolec;Jing Shi;none
jpolec;Johannes F Wieland;none
jpolec;Johannes Spinnewijn;none
jpolec;Johannes Stroebel;none
jpolec;John A Graves;none
jpolec;John C Brown;none
jpolec;John C Heaton;none
jpolec;John Conlisk;none
jpolec;John L Turner;none
jpolec;John Morrow;none
jpolec;John Sutton;none
jpolec;John William Hatfield;none
jpolec;Jon Eguia;none
jpolec;Jonathan B Berk;none
jpolec;Jonathan Levav;none
jpolec;Jordan Kyle;none
jpolec;JosA VActor RAos Rull;none
jpolec;Jose C R Pueblita;none
jpolec;Joseph H Felter;none
jpolec;Joseph J Doyle Jr;none
jpolec;Joseph Vavra;none
jpolec;Josh Lerner;none
jpolec;Joshua D Coval;none
jpolec;Joshua Rauh;none
jpolec;Juan Carlos Hatchondo;none
jpolec;Justin M Rao;none
jpolec;Kai Uwe Kuhn;none
jpolec;Karen Clay;none
jpolec;Karen E Dynan;none
jpolec;Karsten Jeske;none
jpolec;Ken Hendricks;none
jpolec;Kenneth I Wolpin;none
jpolec;Kerwin Kofi Charles;none
jpolec;Kevin P Hutchinson;none
jpolec;Kfir Eliaz;none
jpolec;Kieran Walsh;none
jpolec;Koleman S Strumpf;none
jpolec;Konrad O Stahl;none
jpolec;Kris James Mitchener;none
jpolec;Kristian Rydqvist;none
jpolec;Kristopher W Ramsay;none
jpolec;Laine Rutledge;none
jpolec;Lanny Zrill;none
jpolec;Larry Samuelson;none
jpolec;Lars Borner;none
jpolec;Lars Lefgren;none
jpolec;Laura Alfaro;none
jpolec;Laura Xiaolei Liu;none
jpolec;Lauren Cohen;none
jpolec;Laurent Bouton;none
jpolec;Laurie R Santos;none
jpolec;Lawrence H Goulder;none
jpolec;Lawrence J Lau;none
jpolec;Leeat Yariv;none
jpolec;Lily Y Zhou;none
jpolec;Lior Menzly;none
jpolec;Liran Einav;none
jpolec;Lowell J Taylor;none
jpolec;Luigi Zingales;none
jpolec;Luis Rayo;none
jpolec;M Keith Chen;none
jpolec;M Utku Unver;none
jpolec;Marc Weidenmier;none
jpolec;Marco Cagetti;none
jpolec;Margherita Negri;none
jpolec;Mariano M Croce;none
jpolec;Marina Agranov;none
jpolec;Mario Samano;none
jpolec;Mark Egan;none
jpolec;Mark Heitmann;none
jpolec;Mark McClellan;none
jpolec;Mark Satterthwaite;none
jpolec;Martin Kanz;none
jpolec;Masatoshi Tsumagari;none
jpolec;Matias Iaryczower;none
jpolec;Mats Persson;none
jpolec;Matthew Backus;none
jpolec;Matthew Elliott;none
jpolec;Matthew Wai Poi;none
jpolec;Matthias Kehrig;none
jpolec;Maya Rossin Slater;none
jpolec;Melanie Morten;none
jpolec;Meredith Fowlie;none
jpolec;Mette Ejrns;none
jpolec;Michael Bailey;none
jpolec;Michael Kremer;none
jpolec;Michael L Lemmon;none
jpolec;Michele Piccione;none
jpolec;Mihai Manea;none
jpolec;Mitsuru Igami;none
jpolec;Monica Costa Dias;none
jpolec;Morten Bennedsen;none
jpolec;Morton I Kamien;none
jpolec;Mounir Karadja;none
jpolec;Nabil I Al Najjar;none
jpolec;Nancy L Stokey;none
jpolec;Nancy Qian;none
jpolec;Neel Sundaresan;none
jpolec;Neil Wallace;none
jpolec;Neus Herranz;none
jpolec;Nicola Maaser;none
jpolec;Nicolae Garleanu;none
jpolec;Nicolas Pistolesi;none
jpolec;Ning Sun;none
jpolec;Nobuhiro Kiyotaki;none
jpolec;Onur Kesten;none
jpolec;Oved Yosha;none
jpolec;Owen Zidar;none
jpolec;Pablo Casas Arce;none
jpolec;Paco Martorell;none
jpolec;Paolo Fulghieri;none
jpolec;Pastor Lubos;none
jpolec;Patricia Cortes;none
jpolec;Patrick Bajari;none
jpolec;Paul J Healy;none
jpolec;Paulo Natenzon;none
jpolec;Per Krusell;none
jpolec;Peri Silva;none
jpolec;Peter Bossaerts;none
jpolec;Peter J Klenow;none
jpolec;Peter Koudijs;none
jpolec;Philip J Reny;none
jpolec;Philipp Eisenhauer;none
jpolec;Pietro Veronesi;none
jpolec;Pietro Vertova;none
jpolec;Pinar Karaca Mandic;none
jpolec;Pol AntrA s;none
jpolec;Qingmin Liu;none
jpolec;Quang Vuong;none
jpolec;Rachel Heath;none
jpolec;Rafael Lopes de Melo;none
jpolec;Rafael Rob;none
jpolec;Rainer Haselmann;none
jpolec;Rajshri Jayaraman;none
jpolec;Ralph S J Koijen;none
jpolec;Ran Abramitzky;none
jpolec;Raymond Owens;none
jpolec;Rebecca Diamond;none
jpolec;Rema Hanna;none
jpolec;Rewat Thamma Apiroam;none
jpolec;Reza Baqir;none
jpolec;Ririn Purnamasari;none
jpolec;Robert Clark;none
jpolec;Robert Halvorsen;none
jpolec;Robert M Costrell;none
jpolec;Robert McMillan;none
jpolec;Robert S Brown;none
jpolec;Robert Vishny;none
jpolec;Robin S Lee;none
jpolec;Roland G Fryer Jr;none
jpolec;Rolnick Arthur J;none
jpolec;Ronald L Goettler;none
jpolec;Rong Xu;none
jpolec;Rosa Ferrer;none
jpolec;Rosemary Avery;none
jpolec;Ruben Durante;none
jpolec;Ruiqing Cao;none
jpolec;Sangmok Lee;none
jpolec;Sanjay K Dhar;none
jpolec;Santosh Anagol;none
jpolec;Sarah Tanner;none
jpolec;Sarath Sanga;none
jpolec;Sascha Kurz;none
jpolec;Sebastian Di Tella;none
jpolec;Seda Ertac;none
jpolec;Seong Hoon Kim;none
jpolec;Seongman Moon;none
jpolec;Sergei Severinov;none
jpolec;Shanker Satyanath;none
jpolec;Sharun W Mukand;none
jpolec;Sheena S Iyengar;none
jpolec;Shlomo Benartzi;none
jpolec;Shuang Zhang;none
jpolec;Sonja B Starr;none
jpolec;Souphala Chomsisengphet;none
jpolec;Sriya Iyer;none
jpolec;Stambaugh Robert F;none
jpolec;Stanley S Reynolds;none
jpolec;Stavros Panageas;none
jpolec;Stefan Krasa;none
jpolec;Stefanie Stantcheva;none
jpolec;Stefano Fiorin;none
jpolec;Stefano M Bertozzi;none
jpolec;Stephane Bonhomme;none
jpolec;Stephen P Ryan;none
jpolec;Stephen V Cameron;none
jpolec;SungJin Cho;none
jpolec;Supreet Kaur;none
jpolec;Surachai Khitatrakun;none
jpolec;Suresh M Sundaresan;none
jpolec;Suresh Naidu;none
jpolec;Swati Dhingra;none
jpolec;Sylvain Chassang;none
jpolec;Tai wei Hu;none
jpolec;Takuo Sugaya;none
jpolec;Tano Santos;none
jpolec;Tat Y Chan;none
jpolec;Theresa Kuchler;none
jpolec;Thomas Blake;none
jpolec;Thomas Cornelissen;none
jpolec;Thomas de Garidel Thoron;none
jpolec;Thomas Fujiwara;none
jpolec;Thomas Gale Moore;none
jpolec;Thomas MaCurdy;none
jpolec;Thomas W Gilligan;none
jpolec;Tim McQuade;none
jpolec;Timothy Erickson;none
jpolec;Tirthatanmoy Das;none
jpolec;Tobias J Moskowitz;none
jpolec;Tomas SjAstrAm;none
jpolec;Tomasz Piskorski;none
jpolec;Tommaso Porzio;none
jpolec;Tommy Stamland;none
jpolec;Towse Ruth;none
jpolec;Ulrich Doraszelski;none
jpolec;Umut Dur;none
jpolec;Uta Schonberg;none
jpolec;V V Chari;none
jpolec;Venkat Lakshminarayanan;none
jpolec;Venkatesh Sundararaman;none
jpolec;Vernon Henderson;none
jpolec;Vicky Longawa;none
jpolec;Vincenzo Quadrini;none
jpolec;W Reed Walker;none
jpolec;Will Dobbie;none
jpolec;William D Grampp;none
jpolec;William P Rogerson;none
jpolec;William Troost;none
jpolec;William Zame;none
jpolec;Wim Vijverberg;none
jpolec;Wioletta Dziuda;none
jpolec;Xavier Giroud;none
jpolec;Yao Luo;none
jpolec;Yash Kanoria;none
jpolec;Yeung Lewis Chan;none
jpolec;Yingyi Qian;none
jpolec;Yishay Mansour;none
jpolec;Yongxiang Wang;none
jpolec;Youngwoo Koh;none
jpolec;Yuk fai Fong;none
jpolec;Zaifu Yang;none
jpolec;Zeynep K Hansen;none
jpolec;Zhongmin Wang;none
qjecon;Aaron Tornell;none
qjecon;Adair Morse;none
qjecon;Adam Isen;none
qjecon;Adam Kalai;none
qjecon;Adnan Q Khan;none
qjecon;Akhmed Akhmedov;none
qjecon;Alan M Taylor;none
qjecon;Alberto Alesina;none
qjecon;Alberto Galasso;none
qjecon;Aldo Rustichini;none
qjecon;Alessandra Fogli;none
qjecon;Alessandro Iaria;none
qjecon;Ali Hortacsu;none
qjecon;Alix Peterson Zwane;none
qjecon;Alla Lileeva;none
qjecon;Alp Simsek;none
qjecon;Alwyn Young;none
qjecon;Amanda Agan;none
qjecon;Amanda Pallais;none
qjecon;Amit Kumar Khandelwal;none
qjecon;Amitabh Chandra;none
qjecon;Amy K Dittmar;none
qjecon;Ananth Seshadri;none
qjecon;Andre Veiga;none
qjecon;Andres Velasco;none
qjecon;Andrew Caplin;none
qjecon;Andrew D Foster;none
qjecon;Andrew J Fieldhouse;none
qjecon;Anke Becker;none
qjecon;Anmol Bhandari;none
qjecon;Ann Bartel;none
qjecon;Annette Vissing Jorgensen;none
qjecon;Antoni Estevadeordal;none
qjecon;Antonio E Bernardo;none
qjecon;Antonio Rangel;none
qjecon;Anuj K Shah;none
qjecon;Aprajit Mahajan;none
qjecon;Ariel Rubinstein;none
qjecon;Ariel T Burstein;none
qjecon;Asim Ijaz Khwaja;none
qjecon;Atila Abdulkadiro gbreve lu;none
qjecon;Attila Ambrus;none
qjecon;Attila Lindner;none
qjecon;Austan Goolsbee;none
qjecon;Ayse Imrohoroglu;none
qjecon;Barry Nalebuff;none
qjecon;Bart J Bronnenberg;none
qjecon;Basit Zafar;none
qjecon;Ben S Bernanke;none
qjecon;Benedikt Herrmann;none
qjecon;Bengt Holmstrom;none
qjecon;Benjamin Edelman;none
qjecon;Benjamin Enke;none
qjecon;Benjamin F Jones;none
qjecon;Benjamin R Handel;none
qjecon;Benn Eifert;none
qjecon;Bernard Caillaud;none
qjecon;Bertrand Rime;none
qjecon;Bill Wright;none
qjecon;Bjorn Bartling;none
qjecon;Bjorn Wallace;none
qjecon;Boris Vallee;none
qjecon;Brian A Jacob;none
qjecon;Brian Frantz;none
qjecon;Brian Merlob;none
qjecon;Brian Sack;none
qjecon;Brooks Pierce;none
qjecon;Bryan Kelly;none
qjecon;C Fritz Foley;none
qjecon;Carlo Schwarz;none
qjecon;Catherine Wolfram;none
qjecon;Chaim Fershtman;none
qjecon;Chang Tai Hsieh;none
qjecon;Charles J Redlick;none
qjecon;Charles R Pierret;none
qjecon;Christian Broda;none
qjecon;Christine L Soutter;none
qjecon;Christopher Hanes;none
qjecon;Christopher Harris;none
qjecon;Christopher N Avery;none
qjecon;Christopher R Walters;none
qjecon;Christopher T Dawes;none
qjecon;Claudia Persico;none
qjecon;Colin F Camerer;none
qjecon;Craig Garthwaite;none
qjecon;Craig McIntosh;none
qjecon;Crystal S Yang;none
qjecon;Dan Ariely;none
qjecon;Dan T Rosenbaum;none
qjecon;Daniel Bergstresser;none
qjecon;Daniel Diermeier;none
qjecon;Daniel P Kessler;none
qjecon;Daniel Shoag;none
qjecon;Daniel Villar;none
qjecon;Daniel Wolfenzon;none
qjecon;Dave Donaldson;none
qjecon;David A Matsa;none
qjecon;David Arnold;none
qjecon;David Austen Smith;none
qjecon;David B Gross;none
qjecon;David Evans;none
qjecon;David Frankel;none
qjecon;David Huffman;none
qjecon;David Lopez Salido;none
qjecon;David Marmaros;none
qjecon;David N Well;none
qjecon;David P Baron;none
qjecon;David Pozen;none
qjecon;David S Lee;none
qjecon;David S Scharfstein;none
qjecon;David Scarborough;none
qjecon;David Soskice;none
qjecon;David Toniatti;none
qjecon;Dean P Foster;none
qjecon;Deborah Goldschmidt;none
qjecon;Dennis F Shea;none
qjecon;Devin G Pope;none
qjecon;Diane Whitmore Schanzenbach;none
qjecon;Donald P Morgan;none
qjecon;Douglas H Joines;none
qjecon;Douglas Staiger;none
qjecon;Drazen Prelec;none
qjecon;Duncan I Simester;none
qjecon;Dylan Glover;none
qjecon;E Glen Weyl;none
qjecon;Ebonya Washington;none
qjecon;Eduardo Morales;none
qjecon;Edward L Glaeser;none
qjecon;Edward P Lazear;none
qjecon;Ehud Kalai;none
qjecon;Eirik Gaard Kristiansen;none
qjecon;Eldar Shafir;none
qjecon;Emi Nakamura;none
qjecon;Emil Verner;none
qjecon;Emily Breza;none
qjecon;Emir Kamenica;none
qjecon;Eric Budish;none
qjecon;Eric T Anderson;none
qjecon;Erica Field;none
qjecon;Erik Eyster;none
qjecon;Erik Snowberg;none
qjecon;Ernesto Schargrodsky;none
qjecon;Esben Schultz;none
qjecon;Eugene Kandel;none
qjecon;Fausto Panunzi;none
qjecon;Federico Boffa;none
qjecon;Federico Ravenna;none
qjecon;Felix J Bierbrauer;none
qjecon;Fernando Alvarez;none
qjecon;Fiona M Scott Morton;none
qjecon;Francesco Caselli;none
qjecon;Francisco Perez Gonzalez;none
qjecon;Gabriel D Carroll;none
qjecon;Gautam Rao;none
qjecon;Gene M Grossman;none
qjecon;Geoffrey Tate;none
qjecon;George Baker;none
qjecon;George Wu;none
qjecon;Georgy Egorov;none
qjecon;Gerard Padro I Miquel;none
qjecon;Gian Luca Clementi;none
qjecon;Ginger Zhe Jin;none
qjecon;Giovanni L Violante;none
qjecon;Glen R Waddell;none
qjecon;Glenn MacDonald;none
qjecon;Grant Miller;none
qjecon;Guillaume R Frechette;none
qjecon;Guillermo Zamarripa;none
qjecon;H Eugene Stanley;none
qjecon;H Peyton Young;none
qjecon;Halsey Rogers;none
qjecon;Harold A Pollack;none
qjecon;Harrison Hong;none
qjecon;Heidi Allen;none
qjecon;Henrik J Kleven;none
qjecon;Henry S Farber;none
qjecon;Himabindu Lakkaraju;none
qjecon;Holger M Mueller;none
qjecon;Holger M Muller;none
qjecon;Hugo A Hopenhayn;none
qjecon;Hunt Allcott;none
qjecon;I Serdar Dinc;none
qjecon;Igal Hendel;none
qjecon;Ilyana Kuziemko;none
qjecon;Ingvil Gaarder;none
qjecon;Iris Bohnet;none
qjecon;Isaac Osei Akoto;none
qjecon;Isaiah Andrews;none
qjecon;Itamar Drechsler;none
qjecon;Itamar Simonson;none
qjecon;Iwan Barankay;none
qjecon;J Harold Mulherin;none
qjecon;Jacques Cremer;none
qjecon;James Liang;none
qjecon;James M SnyderJr;none
qjecon;Jan Stuhler;none
qjecon;Jaume Ventura;none
qjecon;Jean Boivin;none
qjecon;Jean Noel Barrot;none
qjecon;Jean Pierre Dube;none
qjecon;Jeffrey M Weinstein;none
qjecon;Jeffrey Wurgler;none
qjecon;Jeffrey Zwiebel;none
qjecon;Jennifer Brown;none
qjecon;Jens Ludwig;none
qjecon;Jeremiah E Dittmar;none
qjecon;Jeremy C Stein;none
qjecon;Jeremy Shapiro;none
qjecon;Jessica Cohen;none
qjecon;Jessica Leino;none
qjecon;Jialan Wang;none
qjecon;Jing Cai;none
qjecon;Joan Hamory Hicks;none
qjecon;Joao F Cocco;none
qjecon;Joel Mokyr;none
qjecon;Johannes Haushofer;none
qjecon;John Ameriks;none
qjecon;John B Donaldson;none
qjecon;John B Willett;none
qjecon;John Geanakoplos;none
qjecon;John H Tyler;none
qjecon;John J Donohue III;none
qjecon;John Morgan;none
qjecon;John R Graham;none
qjecon;John S Felkner;none
qjecon;John Shim;none
qjecon;Jon Kleinberg;none
qjecon;Jonah Rockoff;none
qjecon;Jonas Hjort;none
qjecon;Jonathan Gruber;none
qjecon;Jonathan Guryan;none
qjecon;Jonathan T Kolstad;none
qjecon;Jordi Gali;none
qjecon;Jorg Heining;none
qjecon;Jorge Silva Risso;none
qjecon;Jose Luis Montiel Olea;none
qjecon;Joseph Ferrie;none
qjecon;Joseph G Altonji;none
qjecon;Joseph H Davis;none
qjecon;Joseph J Doyle;none
qjecon;Josh Angrist;none
qjecon;Josh Lerner;none
qjecon;Joshua Linn;none
qjecon;Joshua Rauh;none
qjecon;Joshua Schwartzstein;none
qjecon;Joy Ishii;none
qjecon;Juan C Botero;none
qjecon;Judd B Kessler;none
qjecon;Judith Chevalier;none
qjecon;Juin Kuan Chong;none
qjecon;Julie Holland Mortimer;none
qjecon;Jure Leskovec;none
qjecon;Justin Gallagher;none
qjecon;Justin M Rao;none
qjecon;Justin Sydnor;none
qjecon;Justine S Hastings;none
qjecon;Juuso Valimaki;none
qjecon;Kamalesh Rao;none
qjecon;Kasper Meisner Nielsen;none
qjecon;Katherine Baicker;none
qjecon;Katherine Baldiga Coffman;none
qjecon;Katherine Casey;none
qjecon;Kathryn Shaw;none
qjecon;Kayuki C Kaizzi;none
qjecon;Kelly Bedard;none
qjecon;Kelly Shue;none
qjecon;Kenneth Y Chay;none
qjecon;Kent Smetters;none
qjecon;Kerwin Kofi Charles;none
qjecon;Kevin J Murphy;none
qjecon;Kory Kroft;none
qjecon;Lan Yao;none
qjecon;Larry Samuelson;none
qjecon;Lars J Kirkeboen;none
qjecon;Lars Lefgren;none
qjecon;Lee C Vermeulen;none
qjecon;Lee G Branstetter;none
qjecon;Leigh Linden;none
qjecon;Lena Edlund;none
qjecon;Leonard Wantchekon;none
qjecon;Leonardo S Alencar;none
qjecon;Leonid Kogan;none
qjecon;Liran Einav;none
qjecon;Lisa B Kahn;none
qjecon;Lisa Sanbonmatsu;none
qjecon;Lorenzo Casaburi;none
qjecon;Lorin M Hitt;none
qjecon;Lutz Hendricks;none
qjecon;M Utku Unver;none
qjecon;Manos Matsaganis;none
qjecon;Marc D Weidenmier;none
qjecon;Marcus Stanley;none
qjecon;Marcy Burchfield;none
qjecon;Marian V Wrobel;none
qjecon;Marianne Wanamaker;none
qjecon;Mark Aguiar;none
qjecon;Mark B McClellan;none
qjecon;Mark Bils;none
qjecon;Mark E Glickman;none
qjecon;Mark J Garmaise;none
qjecon;Mark R Cullen;none
qjecon;Mark Schankerman;none
qjecon;Marko Klasnja;none
qjecon;Markus M Mobius;none
qjecon;Martin Kanz;none
qjecon;Martina Bjorkman;none
qjecon;Massimo Rostagno;none
qjecon;Matthew Hansen;none
qjecon;Matthew J Butler;none
qjecon;Matthew Neidell;none
qjecon;Matthew Rabin;none
qjecon;Matthew Wiswall;none
qjecon;Matthias Schundeln;none
qjecon;Max Kapustin;none
qjecon;Maxim Pinkovskiy;none
qjecon;Mazhar Waseem;none
qjecon;Meghan R Busse;none
qjecon;Melissa Dell;none
qjecon;Menno Pradhan;none
qjecon;Meredith Fowlie;none
qjecon;Michael Housman;none
qjecon;Michael I Norton;none
qjecon;Michael J Dickstein;none
qjecon;Michael Khoo;none
qjecon;Michael Kremer;none
qjecon;Michele Piccione;none
qjecon;Mihir Desai;none
qjecon;Ming Huang;none
qjecon;Mira Bernstein;none
qjecon;Morgan Kelly;none
qjecon;Morten Bennedsen;none
qjecon;Munshi Sulaiman;none
qjecon;Narayan Das;none
qjecon;Natalija Novta;none
qjecon;Nava Ashraf;none
qjecon;Neale Mahoney;none
qjecon;Ned Augenblick;none
qjecon;Neil Hohmann;none
qjecon;Neil Wallace;none
qjecon;Nicholas Barberis;none
qjecon;Nicholas Ryan;none
qjecon;Nicholas S Souleles;none
qjecon;Nick Bloom;none
qjecon;Nicola Fuchs Schundeln;none
qjecon;Nicola Persico;none
qjecon;Nicole Maestas;none
qjecon;Nikolaos Artavanis;none
qjecon;Nittai K Bergman;none
qjecon;Noah Stoffman;none
qjecon;Oliver Hart;none
qjecon;Onur Kesten;none
qjecon;Pablo Querubin;none
qjecon;Paolo Sodini;none
qjecon;Parameswaran Gopikrishnan;none
qjecon;Paras Mehta;none
qjecon;Partha Dasgupta;none
qjecon;Patrick Bajari;none
qjecon;Patrick Sun;none
qjecon;Paul A Gompers;none
qjecon;Paul Hirschfield;none
qjecon;Paul Lichtenstein;none
qjecon;Paul Schrimpf;none
qjecon;Paul W Glimcher;none
qjecon;Peter J Klenow;none
qjecon;Peter Potapov;none
qjecon;Petra E Todd;none
qjecon;Philip E Strahan;none
qjecon;Phillip Leslie;none
qjecon;Pierre Azoulay;none
qjecon;Pietro Veronesi;none
qjecon;Piotr Eliasz;none
qjecon;Pohan Fong;none
qjecon;R Glenn Hubbard;none
qjecon;R Jason Faberman;none
qjecon;Rachel E Kranton;none
qjecon;Rachel M McCleary;none
qjecon;Raghabendra Chattopadhyay;none
qjecon;Ralf R Meisenzahl;none
qjecon;Ran Abramitzky;none
qjecon;Randolph B Cohen;none
qjecon;Raquel Fernandez;none
qjecon;Rema Hanna;none
qjecon;Renato Gomes;none
qjecon;Richard Clarida;none
qjecon;Richard J Murnane;none
qjecon;Robb B Rutledge;none
qjecon;Robert Akerlof;none
qjecon;Robert C Marshall;none
qjecon;Robert E Hall;none
qjecon;Robert G King;none
qjecon;Robert Jensen;none
qjecon;Robert Powell;none
qjecon;Robert Vishny;none
qjecon;Roberto Perotti;none
qjecon;Robin Greenwood;none
qjecon;Rodney Ramcharan;none
qjecon;Rohini Pande;none
qjecon;Roland G Fryer;none
qjecon;Romain Ranciere;none
qjecon;Rucker C Johnson;none
qjecon;Rui Castro;none
qjecon;Ryan W Buell;none
qjecon;Samuel Bowles;none
qjecon;Sara B Heller;none
qjecon;Sarah Reber;none
qjecon;Sarah Taubman;none
qjecon;Sebastian Galiant;none
qjecon;Sebnem Kalemli Ozcan;none
qjecon;Sevgi Yuksel;none
qjecon;Shamena Anwar;none
qjecon;Shaohua Chen;none
qjecon;Shaun Larcom;none
qjecon;Shawn Cole;none
qjecon;Sheena S Iyengar;none
qjecon;Sheryl Ball;none
qjecon;Shouyong Shi;none
qjecon;Simon Johnson;none
qjecon;Sonja Starr;none
qjecon;Souphala Chomsisengphet;none
qjecon;Stacy Berg Dale;none
qjecon;Stefanie Sieber;none
qjecon;Stefano Fiorin;none
qjecon;Stephanie E Curcuru;none
qjecon;Stephanie Riegg Cellini;none
qjecon;Stephen B Billings;none
qjecon;Stephen Leider;none
qjecon;Steven Callande;none
qjecon;Steven N Kaplan;none
qjecon;Sudhir Alladi Venkatesh;none
qjecon;Supreet Kaur;none
qjecon;Suresh de Mel;none
qjecon;Suresh Naidu;none
qjecon;Tal Gross;none
qjecon;Taly Reich;none
qjecon;Tanmoy Mukherjee;none
qjecon;Tano Santos;none
qjecon;Thomas Ferguson;none
qjecon;Thomas J Kane;none
qjecon;Thomas N Hubbard;none
qjecon;Thomas Sampson;none
qjecon;Tim Groseclose;none
qjecon;Tim Squires;none
qjecon;Tobias J Moskowitz;none
qjecon;Tom S Vogl;none
qjecon;Tomas Dvorak;none
qjecon;Torben Iversen;none
qjecon;Tore Olsen;none
qjecon;Tuomo Vuolteenaho;none
qjecon;Tyler Muir;none
qjecon;Uwe Sunde;none
qjecon;Varadarajan V Chari;none
qjecon;Vasiliki Plerou;none
qjecon;Venkatesh Sundararaman;none
qjecon;Veronica Guerrieri;none
qjecon;Veronica Santarosa;none
qjecon;Victoria Ivashina;none
qjecon;Vivian Z Yue;none
qjecon;W Reed Walker;none
qjecon;Wei Xiong;none
qjecon;Wesley Yin;none
qjecon;Will Dobbie;none
qjecon;William O Brown;none
qjecon;William Pariente;none
qjecon;William Zame;none
qjecon;Wojciech Olszewski;none
qjecon;Xavier Giroud;none
qjecon;Xavier Sala i Martin;none
qjecon;Yi Qian;none
qjecon;Yishay Yafeh;none
qjecon;Yu Chin Chen;none
qjecon;Yuanjun Zhang;none
qjecon;Yyannu Cruz Aguayo;none
qjecon;Zhichun Jenny Ying;none
qjecon;Zhikang Eric Chua;none
qjecon;Zhiwei Zhang;none
restud;A Norets;none
restud;A W Beggs;none
restud;Aaron Tornell;none
restud;Achyuta Adhvaryu;none
restud;Adam S Booij;none
restud;Adeline Delavande;none
restud;Adolfo De Motta;none
restud;Adrian Beck;none
restud;Adrien Vigier;none
restud;Alain Cohn;none
restud;Alan Sorensen;none
restud;Albert S Kyle;none
restud;Alessandro Dovis;none
restud;Alessandro Graniero;none
restud;Alex Boulatov;none
restud;Alexander Guembel;none
restud;Alexander Meister;none
restud;Alexandre Belloni;none
restud;Alfredo di Tillio;none
restud;Allan Timmermann;none
restud;Alvaro Sandroni;none
restud;Amalia R Miller;none
restud;Amil Dasgupta;none
restud;Amil Petrin;none
restud;Amit Gandhi;none
restud;Ana Santiago;none
restud;Ananish Chaudhuri;none
restud;Anders Karlstrom;none
restud;Andreas Grunewald;none
restud;Andres Almazan;none
restud;Andres Santos;none
restud;Andrew B Abel;none
restud;Andrew Beath;none
restud;Andrew D Foster;none
restud;Andrew K G Hildreth;none
restud;Aner Sela;none
restud;Angel Serrat;none
restud;Anna Piil Damm;none
restud;Anne Sibert;none
restud;Antje Brunner;none
restud;Antoine Faure Grimaud;none
restud;Anton Kolotilin;none
restud;Arvind Krishnamurthy;none
restud;Asa Rosen;none
restud;Ashok S Rai;none
restud;Asuman Ozdaglar;none
restud;Axel Anderson;none
restud;Ayca Kaya;none
restud;Aysegul Sahin;none
restud;B D Bernheim;none
restud;Balazs Szentes;none
restud;Bar Ifrach;none
restud;Benjamin Enke;none
restud;Benjamin F Jones;none
restud;Benjamin Faber;none
restud;Benjamin Hebert;none
restud;Bernardino Adao;none
restud;Bernardo S Blum;none
restud;Bernardo S Da Silveira;none
restud;Berthold Herrendorf;none
restud;Bhaven N Sampat;none
restud;Bilge Yilmaz;none
restud;Bo E Honor;none
restud;Bradyn Breon Drish;none
restud;Brian Mcmanus;none
restud;Brian P Greaney;none
restud;Briana Chang;none
restud;Bruce Shearer;none
restud;Burhanettin Kuruscu;none
restud;C de Chaisemartin;none
restud;C Lanier Benkard;none
restud;C Martinelli;none
restud;Carmela Quintos;none
restud;Carmit Segal;none
restud;Catherine Hafer;none
restud;Catherine Thomas;none
restud;Chao Fu;none
restud;Charles H Whiteman;none
restud;Chenggang Xu;none
restud;Christian Hansen;none
restud;Christine L Exley;none
restud;Christophe Chamley;none
restud;Christopher Avery;none
restud;Christopher Harris;none
restud;Christopher I Telmer;none
restud;Christopher Phelan;none
restud;Christopher R Taber;none
restud;Christopher Sleet;none
restud;Christopher T Stanton;none
restud;Chun Chung Au;none
restud;Coen N Teulings;none
restud;Colin F Camerer;none
restud;Cosmin L Ilut;none
restud;Curtis R Taylor;none
restud;Dan Ariely;none
restud;Daniel Diermeier;none
restud;Daniel Egel;none
restud;Daniel Ferreira;none
restud;Daniel Keniston;none
restud;Daniel Krahmer;none
restud;Daniel Paravisini;none
restud;Daniel W Elfenbein;none
restud;Daniel Wolfenzon;none
restud;Daniel Yi Xu;none
restud;Dave Donaldson;none
restud;David Berger;none
restud;David Goldreich;none
restud;David M Frankel;none
restud;David McAdams;none
restud;David S Ahn;none
restud;David S Lee;none
restud;Dawit Zerom;none
restud;Denis Chetverikov;none
restud;Denis Hilton;none
restud;Denis Tkachenko;none
restud;Dennis A Yao;none
restud;Desire Vencatachellum;none
restud;Devin Pope;none
restud;Dmitry Davydov;none
restud;Dmitry Livdan;none
restud;Dror Brenner;none
restud;E D Gould;none
restud;Eduardo Davila;none
restud;Eduardo Faingold;none
restud;Eduardo Morales;none
restud;Efthymios G Tsionas;none
restud;Ehud Lehrer;none
restud;Ekaterini Kyriazidou;none
restud;Elchanan Ben Porath;none
restud;Elena Krasnokutskaya;none
restud;Elias Papaioannou;none
restud;Elie Tamer;none
restud;Emi Nakamura;none
restud;Emir Kamenica;none
restud;Eric Budish;none
restud;Erica Field;none
restud;Erik Eyster;none
restud;Erik Mohlin;none
restud;Esther Duflo;none
restud;Eva Nagypal;none
restud;F M Bandi;none
restud;Fabio Maccheroni;none
restud;Faruk Gul;none
restud;Fei Li;none
restud;Felix J Bierbrauer;none
restud;Fernando Alvarez;none
restud;Fernando Vega Redondo;none
restud;Filippo Altissimo;none
restud;Florian Pelgrin;none
restud;Fotini Christia;none
restud;Francesc Dilme;none
restud;Francesca Carapella;none
restud;Francesca Cornelli;none
restud;Francois Ortalo Magne;none
restud;G B Gorton;none
restud;G L Violante;none
restud;Gabor Virag;none
restud;Gabriel Y Weintraub;none
restud;Gautam Rao;none
restud;Gene M Grossman;none
restud;Georgy Egorov;none
restud;Gerard Padro i Miquel;none
restud;Giacomo De Giorgi;none
restud;Gian Luca Clementi;none
restud;Ginger Zhe Jin;none
restud;Giovanni Cespa;none
restud;Giuseppe Lopomo;none
restud;Glenn Macdonald;none
restud;Gonzalo Cisternas;none
restud;Gustav Sigurdsson;none
restud;Gustavo Ventura;none
restud;Hajo Holzmann;none
restud;Han Hong;none
restud;Hans Haller;none
restud;Hans Peter Kohler;none
restud;Haoxiang Zhu;none
restud;Hariharan Dharmarajan;none
restud;Harold L Cole;none
restud;Hector Chade;none
restud;Heidrun C Hoppe;none
restud;Heikki Rantakari;none
restud;Heiner Schumacher;none
restud;Helios Herrera;none
restud;Henrik Jacobsen Kleven;none
restud;Herakles Polemarchakis;none
restud;Herbert Brucker;none
restud;Hong Li;none
restud;Hugo A Hopenhayn;none
restud;Hunt Allcott;none
restud;Huseyin Yildirim;none
restud;Ian Gale;none
restud;Ian W Martin;none
restud;Igal Hendel;none
restud;Ilan Kremer;none
restud;Ilan Lobel;none
restud;Ilse Lindenlaub;none
restud;Ilya Segal;none
restud;In Ho Lee;none
restud;In Koo Cho;none
restud;Isis Durrmeyer;none
restud;Itamar Simonson;none
restud;Itay Goldstein;none
restud;Ivan A Canay;none
restud;J C Ely;none
restud;J Duggan;none
restud;J M C Santos Silva;none
restud;James A Fairburn;none
restud;James C Mac Gee;none
restud;James Dow;none
restud;James J Anton;none
restud;James L Powell;none
restud;James Levinsohn;none
restud;Janice C Eberly;none
restud;Jason Snyder;none
restud;Jaume Ventura;none
restud;Javier Alvarez;none
restud;Jean Boivin;none
restud;Jean Pierre Benoit;none
restud;Jee Hyeong Park;none
restud;Jesper Bagger;none
restud;Jesse M Cunha;none
restud;Jia Li;none
restud;Jiahua Che;none
restud;Jie Cai;none
restud;Jimmy Chan;none
restud;Jin Li;none
restud;Jinwoo Kim;none
restud;Joachim Freyberger;none
restud;Joel L Horowitz;none
restud;Joel Sobel;none
restud;Johan Hombert;none
restud;Johan Walden;none
restud;Johannes Hermle;none
restud;John B Donaldson;none
restud;John K Dagsvik;none
restud;John Laitner;none
restud;John Morgan;none
restud;John Riley;none
restud;John Rust;none
restud;John Y Zhu;none
restud;Jordi Blanes i Vidal;none
restud;Jordi Gali;none
restud;Jose Antonio Rodriguez Lopez;none
restud;Jose Luis Moraga Gonzalez;none
restud;Jose V Rodriguez Mora;none
restud;Joseba Martinez;none
restud;Joseph P Lupton;none
restud;Joshua W Mitchell;none
restud;Julian Jamison;none
restud;Julien Hugonnier;none
restud;Jun Wang;none
restud;Jussi Keppo;none
restud;Justin P Johnson;none
restud;Juuso Toikka;none
restud;Kareem Haggag;none
restud;Karim Abadir;none
restud;Karine Mazurier;none
restud;Karthik Kalyanaraman;none
restud;Katalin Bognar;none
restud;Kathleen M Hagerty;none
restud;Ken Yamada;none
restud;Kengo Kato;none
restud;Kenneth Burdett;none
restud;Kenneth Hendricks;none
restud;Kenneth I Wolpin;none
restud;Kfir Eliaz;none
restud;Kim Sau Chung;none
restud;Kinsey B Bryant Lees;none
restud;Klaus M Schmidt;none
restud;Klaus Ritzberger;none
restud;Konrad Menzel;none
restud;Konrad Stahl;none
restud;Kory Kroft;none
restud;Kristine Vasiljeva;none
restud;Kristof Madarasz;none
restud;Kyungmin Kim;none
restud;Larbi Alaoui;none
restud;Larry Samuelson;none
restud;Laura Blow;none
restud;Laurence R Iannaccone;none
restud;Lawrence J Christiano;none
restud;Lawrence M Ausubel;none
restud;Leeat Yariv;none
restud;Li Hao;none
restud;Liran Einav;none
restud;Ludovic Renou;none
restud;Luis Rayo;none
restud;Lukasz Pomorski;none
restud;M R Weale;none
restud;M Utku Unver;none
restud;Maarten C W Janssen;none
restud;Maarten W Bos;none
restud;Maia Guell;none
restud;Marc Oliver Bettzuge;none
restud;Marcin P eogon ski;none
restud;Marek Pycia;none
restud;Marianne Bertrand;none
restud;Marie Claude Beaulieu;none
restud;Mark Aguiar;none
restud;Mark Votruba;none
restud;Marko Tervio;none
restud;Martin Dufwenberg;none
restud;Martin M Andreasen;none
restud;Martin Strobel;none
restud;Marzena Rostek;none
restud;Matthew A Masten;none
restud;Matthew Gentzkow;none
restud;Matthew W White;none
restud;Mattia Nardotto;none
restud;Max R Blouin;none
restud;Michael J Fishman;none
restud;Michael Peters;none
restud;Michael Suk Young Chwe;none
restud;Michaela Pagel;none
restud;Michal Kolesar;none
restud;Miguel A Martinez Carrasco;none
restud;Mikel Perez Nievas;none
restud;Mohamad L Hammour;none
restud;Moritz Meyer Ter Vehn;none
restud;Munther A Dahleh;none
restud;Murat Nick;none
restud;Myrto Kalouptsidi;none
restud;Nabil I Al Najjar;none
restud;Nan Li;none
restud;Ned Augenblick;none
restud;Nenad Kos;none
restud;Nicholas W Papageorge;none
restud;Nick Bloom;none
restud;Nico A Hansen;none
restud;Nicola Fuchs Schundeln;none
restud;Nicola Persico;none
restud;Nicolas Crouzet;none
restud;Niko Matouschek;none
restud;Nina Mazar;none
restud;Noriyuki Yanagawa;none
restud;Nuno Limao;none
restud;Oeindrila Dube;none
restud;Oren Sussman;none
restud;Oved Yosha;none
restud;Owen Zidar;none
restud;P Randall Walsh;none
restud;Paola Bordon;none
restud;Patrick Bajari;none
restud;Patrick Bayer;none
restud;Patrik Sandas;none
restud;Paul B Ellickson;none
restud;Paul Ehling;none
restud;Paul L E Grieco;none
restud;Pauli Murto;none
restud;Pedro Bordalo;none
restud;Per Krusell;none
restud;Peter Arcidiacono;none
restud;Peter Bossaerts;none
restud;Peter C Reiss;none
restud;Peter Norman;none
restud;Peter Ockenfels;none
restud;Philip Bond;none
restud;Philippe Emmanuel Petalas;none
restud;Philippe Fevrier;none
restud;Phillip Leslie;none
restud;Pierre Azoulay;none
restud;Pierre Daniel Sarte;none
restud;Pietro Veronesi;none
restud;Piyabha Kongsamut;none
restud;Pontus Rendahl;none
restud;Qingmin Liu;none
restud;R Anton Braun;none
restud;R Preston Mcafee;none
restud;Rafael Rob;none
restud;Randall Wright;none
restud;Raphael Boleslavsky;none
restud;Raphael Corbi;none
restud;Rasmus Lentz;none
restud;Ravi Bansal;none
restud;Ray Fisman;none
restud;Razvan Vlaicu;none
restud;Rebecca Lessem;none
restud;Renato Gomes;none
restud;Riccardo Calcagno;none
restud;Richard D McKelvey;none
restud;Rinku Murgai;none
restud;Robert A Miller;none
restud;Robert Earle;none
restud;Robert G King;none
restud;Robert M Townsend;none
restud;Rohan Pitchford;none
restud;Roman Liesenfeld;none
restud;Rudy Loo Kung;none
restud;Rui Albuquerque;none
restud;Rui Castro;none
restud;S N Slavov;none
restud;Saeed Ur Rehman;none
restud;Samuel Lee;none
restud;Sandra E Black;none
restud;Sanghoon Lee;none
restud;SangMok Lee;none
restud;Santosh Anagol;none
restud;Sara Graziano;none
restud;Scott Condie;none
restud;Scott Cunningham;none
restud;Scott Nicholson;none
restud;Sen Dong;none
restud;Shanjun Li;none
restud;Shannon Seitz;none
restud;Sheena S Iyengar;none
restud;Shengxing Zhang;none
restud;Sheridan Titman;none
restud;Shubham Chaudhuri;none
restud;Sissel Jensen;none
restud;Siyang Xiong;none
restud;Songnian Chen;none
restud;Stefan Haigner;none
restud;Stephan Seiler;none
restud;Stephane Bonhomme;none
restud;Stephen Bond;none
restud;Stephen G Donald;none
restud;Steven N Kaplan;none
restud;Steven T Anderson;none
restud;Su Wang;none
restud;Sungjin Cho;none
restud;Takuro Yamashita;none
restud;Tat Y Chan;none
restud;Terrence Hendershott;none
restud;Theo Offerman;none
restud;Theresa Osborne;none
restud;Thomas J Holmes;none
restud;Thomas Mariotti;none
restud;Thomas Noll;none
restud;Thomas Troger;none
restud;Thorsten Hens;none
restud;Tim Bollerslev;none
restud;Tim Worrall;none
restud;Timothy B Armstrong;none
restud;Timothy Johnson;none
restud;Timur Kuran;none
restud;Tom Kirchmaier;none
restud;Tom S Vogl;none
restud;Tom Y Chang;none
restud;Tommaso Valletti;none
restud;Tracy R Lewis;none
restud;Tracy Yue Wang;none
restud;Tymon Tatur;none
restud;Ulrich Doraszelski;none
restud;Ulrich K Muller;none
restud;Ulrike Malmendier;none
restud;Umberto Garfagnini;none
restud;V V Chari;none
restud;Valentina Bruno;none
restud;Valentina Corradi;none
restud;Veronica Guerrieri;none
restud;Vincenzo Quadrini;none
restud;Virgiliu Midrigan;none
restud;Vishal Kamat;none
restud;W Reed Walker;none
restud;Walter Distaso;none
restud;Wei Huang;none
restud;Wei Li;none
restud;Wei Xiong;none
restud;Wojciech Olszewski;none
restud;Wolfram Merzyn;none
restud;Wolfram Schlenker;none
restud;X DHaultfuille;none
restud;X Tang;none
restud;Xiaoyan Fan;none
restud;Xu Cheng;none
restud;Yajun Wang;none
restud;Yanqin Fan;none
restud;Yena Park;none
restud;Yi Chun Chen;none
restud;Yingyi Qian;none
restud;Yongxiang Wang;none
restud;Yossi Feinberg;none
restud;Younghwan In;none
restud;Yu Jin;none
restud;Yuan Xue;none
restud;Yuichi Yamamoto;none
restud;Yuk Fai Fong;none
restud;Yuliy Sannikov;none
restud;Yuval Salant;none
restud;Zheng Fang;none
restud;Zhenhong Fan;none
restud;Zhigu He;none
restud;Zvika Neeman;none
